rc_sap_ref,result_txt,descr
ABDOMEN_DIST,ABDO_NEO_1,Normal
ABDOMEN_DIST,ABDO_NEO_2,Normal-Distendido
ABDOMEN_DIST,ABDO_NEO_3,Distendido
ABDO_NEO,ABDOMEN_DIST_1,Ausente
ABDO_NEO,ABDOMEN_DIST_2,Leve
ABDO_NEO,ABDOMEN_DIST_3,Moderada
ABDO_NEO,ABDOMEN_DIST_4,Grave
ABDO_NEO,ABDOMEN_DIST_5,Otro (especificar)
ACR_DIS,AC_DIS_1,Levitronix CentriMag
ACR_DIS,AC_DIS_2,Otro (especificar)
ACR_FIO2,AC_MOD_1,Derecha
ACR_FIO2,AC_MOD_2,Izquierda
ACR_FIO2,AC_MOD_3,Biventricular
ACR_FIO2,AC_MOD_4,Otro (especificar)
ACR_QS,ACR_DIS_1,CardioHelp
ACR_QS,ACR_DIS_2,Otro (especificar)
ACR_QS,ACR_DIS_3,Rotaflow
ACR_QS,ACR_DIS_4,Levitronix CentriMag
ACR_SVO2,ACR_MOD_1,Veno-arterial
ACR_SVO2,ACR_MOD_2,Otro (especificar)
ACR_TEMP_VEN,ACR_OXIGENADOR_1,HLS Module Advanced 7.0
ACR_TEMP_VEN,ACR_OXIGENADOR_2,Otro (especificar)
ALT_NEU_NEO,ACTIV_NEO_1,Normal
ALT_NEU_NEO,ACTIV_NEO_2,Deprimido
ALT_NEU_NEO,ACTIV_NEO_3,Dormido
ALT_NEU_NEO,ACTIV_NEO_4,Sedado
ANTI_XA,ALDRETE_01,0
ANTI_XA,ALDRETE_02,1
ANTI_XA,ALDRETE_03,2
ANTI_XA,ALDRETE_04,3
ANTI_XA,ALDRETE_05,4
ANTI_XA,ALDRETE_06,5
ANTI_XA,ALDRETE_07,6
ANTI_XA,ALDRETE_08,7
ANTI_XA,ALDRETE_09,8
ANTI_XA,ALDRETE_10,9
ANTI_XA,ALDRETE_11,10
ANTI_XA,ALDRETE_12,No valorable
ANTI_XA,ALDRETE_13,Otro (especificar)
APACHE_II,ALT_NEU_NEO_1,No
APACHE_II,ALT_NEU_NEO_2,Temblores
APACHE_II,ALT_NEU_NEO_3,Mioclonías
APACHE_II,ALT_NEU_NEO_4,Convulsiones
AR_DIS,ANTIGENS_COV_1,Positivo
AR_DIS,ANTIGENS_COV_2,Negativo
AR_DIS,ANTIGENS_COV_3,Otros (incorrecto)
AR_MOD,APTEM_1,Corrección fibrinolisis
AR_MOD,APTEM_2,Ausencia corrección
AR_MOD,APTEM_3,Otro (especificar)
AR_O2Q,AR_DIS_1,Rotaflow
AR_O2Q,AR_DIS_2,CardioHelp
AR_O2Q,AR_DIS_3,Otro (especificar)
AR_PART,AR_MOD_1,Veno-venosa
AR_PART,AR_MOD_2,Otro (especificar)
AR_PTM,VNI_I_E_NEO_1,"2,5"
AR_PTM,VNI_I_E_NEO_2,2
AR_PTM,VNI_I_E_NEO_3,"1,5"
AR_PTM,VNI_I_E_NEO_4,1
AR_PTM,VNI_I_E_NEO_5,Otro (especificar)
AR_QS,AR_OXIGENADOR_1,Quadrox PLS
AR_QS,AR_OXIGENADOR_2,HLS Module Advanced 5.0
AR_QS,AR_OXIGENADOR_3,Otro (especificar)
ASIA_MEDULAR,ASIA_DOLOR_DER_1,C2
ASIA_MEDULAR,ASIA_DOLOR_DER_10,T3
ASIA_MEDULAR,ASIA_DOLOR_DER_11,T4
ASIA_MEDULAR,ASIA_DOLOR_DER_12,T5
ASIA_MEDULAR,ASIA_DOLOR_DER_13,T6
ASIA_MEDULAR,ASIA_DOLOR_DER_14,T7
ASIA_MEDULAR,ASIA_DOLOR_DER_15,T8
ASIA_MEDULAR,ASIA_DOLOR_DER_16,T9
ASIA_MEDULAR,ASIA_DOLOR_DER_17,T10
ASIA_MEDULAR,ASIA_DOLOR_DER_18,T11
ASIA_MEDULAR,ASIA_DOLOR_DER_19,T12
ASIA_MEDULAR,ASIA_DOLOR_DER_2,C3
ASIA_MEDULAR,ASIA_DOLOR_DER_20,L1
ASIA_MEDULAR,ASIA_DOLOR_DER_21,L2
ASIA_MEDULAR,ASIA_DOLOR_DER_22,L3
ASIA_MEDULAR,ASIA_DOLOR_DER_23,L4
ASIA_MEDULAR,ASIA_DOLOR_DER_24,L5
ASIA_MEDULAR,ASIA_DOLOR_DER_25,S1
ASIA_MEDULAR,ASIA_DOLOR_DER_26,S2
ASIA_MEDULAR,ASIA_DOLOR_DER_27,S3
ASIA_MEDULAR,ASIA_DOLOR_DER_28,S4-5
ASIA_MEDULAR,ASIA_DOLOR_DER_29,Normal
ASIA_MEDULAR,ASIA_DOLOR_DER_3,C4
ASIA_MEDULAR,ASIA_DOLOR_DER_30,No valorable
ASIA_MEDULAR,ASIA_DOLOR_DER_4,C5
ASIA_MEDULAR,ASIA_DOLOR_DER_5,C6
ASIA_MEDULAR,ASIA_DOLOR_DER_6,C7
ASIA_MEDULAR,ASIA_DOLOR_DER_7,C8
ASIA_MEDULAR,ASIA_DOLOR_DER_8,T1
ASIA_MEDULAR,ASIA_DOLOR_DER_9,T2
ASIA_MOTOR_DER,ASIA_DOLOR_IZQ_1,C2
ASIA_MOTOR_DER,ASIA_DOLOR_IZQ_10,T3
ASIA_MOTOR_DER,ASIA_DOLOR_IZQ_11,T4
ASIA_MOTOR_DER,ASIA_DOLOR_IZQ_12,T5
ASIA_MOTOR_DER,ASIA_DOLOR_IZQ_13,T6
ASIA_MOTOR_DER,ASIA_DOLOR_IZQ_14,T7
ASIA_MOTOR_DER,ASIA_DOLOR_IZQ_15,T8
ASIA_MOTOR_DER,ASIA_DOLOR_IZQ_16,T9
ASIA_MOTOR_DER,ASIA_DOLOR_IZQ_17,T10
ASIA_MOTOR_DER,ASIA_DOLOR_IZQ_18,T11
ASIA_MOTOR_DER,ASIA_DOLOR_IZQ_19,T12
ASIA_MOTOR_DER,ASIA_DOLOR_IZQ_2,C3
ASIA_MOTOR_DER,ASIA_DOLOR_IZQ_20,L1
ASIA_MOTOR_DER,ASIA_DOLOR_IZQ_21,L2
ASIA_MOTOR_DER,ASIA_DOLOR_IZQ_22,L3
ASIA_MOTOR_DER,ASIA_DOLOR_IZQ_23,L4
ASIA_MOTOR_DER,ASIA_DOLOR_IZQ_24,L5
ASIA_MOTOR_DER,ASIA_DOLOR_IZQ_25,S1
ASIA_MOTOR_DER,ASIA_DOLOR_IZQ_26,S2
ASIA_MOTOR_DER,ASIA_DOLOR_IZQ_27,S3
ASIA_MOTOR_DER,ASIA_DOLOR_IZQ_28,S4-5
ASIA_MOTOR_DER,ASIA_DOLOR_IZQ_29,Normal
ASIA_MOTOR_DER,ASIA_DOLOR_IZQ_3,C4
ASIA_MOTOR_DER,ASIA_DOLOR_IZQ_30,No valorable
ASIA_MOTOR_DER,ASIA_DOLOR_IZQ_4,C5
ASIA_MOTOR_DER,ASIA_DOLOR_IZQ_5,C6
ASIA_MOTOR_DER,ASIA_DOLOR_IZQ_6,C7
ASIA_MOTOR_DER,ASIA_DOLOR_IZQ_7,C8
ASIA_MOTOR_DER,ASIA_DOLOR_IZQ_8,T1
ASIA_MOTOR_DER,ASIA_DOLOR_IZQ_9,T2
ASIA_MOTOR_IZQ,ASIA_GRADO_1,A
ASIA_MOTOR_IZQ,ASIA_GRADO_2,B
ASIA_MOTOR_IZQ,ASIA_GRADO_3,C
ASIA_MOTOR_IZQ,ASIA_GRADO_4,D
ASIA_MOTOR_IZQ,ASIA_GRADO_5,E
ASIA_MOTOR_IZQ,ASIA_GRADO_6,No valorable
ASIA_MOTOR_IZQ,ASIA_GRADO_7,Otro (especificar)
ASIA_SENS_ANO,ASIA_MEDULAR_1,Completa
ASIA_SENS_ANO,ASIA_MEDULAR_2,Incompleta
ASIA_SENS_ANO,ASIA_MEDULAR_3,Ausente
ASIA_SENS_ANO,ASIA_MEDULAR_4,No valorable
ASIA_SENS_ANO,ASIA_MEDULAR_5,Otro (especificar)
ASIA_TACTO_DER,ASIA_MOTOR_DER_1,C5
ASIA_TACTO_DER,ASIA_MOTOR_DER_10,L5
ASIA_TACTO_DER,ASIA_MOTOR_DER_11,S1
ASIA_TACTO_DER,ASIA_MOTOR_DER_12,Normal
ASIA_TACTO_DER,ASIA_MOTOR_DER_13,No valorable
ASIA_TACTO_DER,ASIA_MOTOR_DER_14,Otro (especificar)
ASIA_TACTO_DER,ASIA_MOTOR_DER_2,C6
ASIA_TACTO_DER,ASIA_MOTOR_DER_3,C7
ASIA_TACTO_DER,ASIA_MOTOR_DER_4,C8
ASIA_TACTO_DER,ASIA_MOTOR_DER_5,T1
ASIA_TACTO_DER,ASIA_MOTOR_DER_6,L1
ASIA_TACTO_DER,ASIA_MOTOR_DER_7,L2
ASIA_TACTO_DER,ASIA_MOTOR_DER_8,L3
ASIA_TACTO_DER,ASIA_MOTOR_DER_9,L4
ASIA_TACTO_IZQ,ASIA_MOTOR_IZQ_1,C5
ASIA_TACTO_IZQ,ASIA_MOTOR_IZQ_10,L5
ASIA_TACTO_IZQ,ASIA_MOTOR_IZQ_11,S1
ASIA_TACTO_IZQ,ASIA_MOTOR_IZQ_12,Normal
ASIA_TACTO_IZQ,ASIA_MOTOR_IZQ_13,No valorable
ASIA_TACTO_IZQ,ASIA_MOTOR_IZQ_14,Otro (especificar)
ASIA_TACTO_IZQ,ASIA_MOTOR_IZQ_2,C6
ASIA_TACTO_IZQ,ASIA_MOTOR_IZQ_3,C7
ASIA_TACTO_IZQ,ASIA_MOTOR_IZQ_4,C8
ASIA_TACTO_IZQ,ASIA_MOTOR_IZQ_5,T1
ASIA_TACTO_IZQ,ASIA_MOTOR_IZQ_6,L1
ASIA_TACTO_IZQ,ASIA_MOTOR_IZQ_7,L2
ASIA_TACTO_IZQ,ASIA_MOTOR_IZQ_8,L3
ASIA_TACTO_IZQ,ASIA_MOTOR_IZQ_9,L4
BCIAO_ASIS,ASIA_SENS_ANO_1,Sí
BCIAO_ASIS,ASIA_SENS_ANO_2,No
BCIAO_ASIS,ASIA_SENS_ANO_3,No valorable
BCIAO_ASIS,ASIA_SENS_ANO_4,Otro (especificar)
BCIAO_DIS,ASIA_TACTO_DER_1,C2
BCIAO_DIS,ASIA_TACTO_DER_10,T3
BCIAO_DIS,ASIA_TACTO_DER_11,T4
BCIAO_DIS,ASIA_TACTO_DER_12,T5
BCIAO_DIS,ASIA_TACTO_DER_13,T6
BCIAO_DIS,ASIA_TACTO_DER_14,T7
BCIAO_DIS,ASIA_TACTO_DER_15,T8
BCIAO_DIS,ASIA_TACTO_DER_16,T9
BCIAO_DIS,ASIA_TACTO_DER_17,T10
BCIAO_DIS,ASIA_TACTO_DER_18,T11
BCIAO_DIS,ASIA_TACTO_DER_19,T12
BCIAO_DIS,ASIA_TACTO_DER_2,C3
BCIAO_DIS,ASIA_TACTO_DER_20,L1
BCIAO_DIS,ASIA_TACTO_DER_21,L2
BCIAO_DIS,ASIA_TACTO_DER_22,L3
BCIAO_DIS,ASIA_TACTO_DER_23,L4
BCIAO_DIS,ASIA_TACTO_DER_24,L5
BCIAO_DIS,ASIA_TACTO_DER_25,S1
BCIAO_DIS,ASIA_TACTO_DER_26,S2
BCIAO_DIS,ASIA_TACTO_DER_27,S3
BCIAO_DIS,ASIA_TACTO_DER_28,S4-5
BCIAO_DIS,ASIA_TACTO_DER_29,Normal
BCIAO_DIS,ASIA_TACTO_DER_3,C4
BCIAO_DIS,ASIA_TACTO_DER_30,No valorable
BCIAO_DIS,ASIA_TACTO_DER_4,C5
BCIAO_DIS,ASIA_TACTO_DER_5,C6
BCIAO_DIS,ASIA_TACTO_DER_6,C7
BCIAO_DIS,ASIA_TACTO_DER_7,C8
BCIAO_DIS,ASIA_TACTO_DER_8,T1
BCIAO_DIS,ASIA_TACTO_DER_9,T2
BCIAO_SINC,ASIA_TACTO_IZQ_1,C2
BCIAO_SINC,ASIA_TACTO_IZQ_10,T3
BCIAO_SINC,ASIA_TACTO_IZQ_11,T4
BCIAO_SINC,ASIA_TACTO_IZQ_12,T5
BCIAO_SINC,ASIA_TACTO_IZQ_13,T6
BCIAO_SINC,ASIA_TACTO_IZQ_14,T7
BCIAO_SINC,ASIA_TACTO_IZQ_15,T8
BCIAO_SINC,ASIA_TACTO_IZQ_16,T9
BCIAO_SINC,ASIA_TACTO_IZQ_17,T10
BCIAO_SINC,ASIA_TACTO_IZQ_18,T11
BCIAO_SINC,ASIA_TACTO_IZQ_19,T12
BCIAO_SINC,ASIA_TACTO_IZQ_2,C3
BCIAO_SINC,ASIA_TACTO_IZQ_20,L1
BCIAO_SINC,ASIA_TACTO_IZQ_21,L2
BCIAO_SINC,ASIA_TACTO_IZQ_22,L3
BCIAO_SINC,ASIA_TACTO_IZQ_23,L4
BCIAO_SINC,ASIA_TACTO_IZQ_24,L5
BCIAO_SINC,ASIA_TACTO_IZQ_25,S1
BCIAO_SINC,ASIA_TACTO_IZQ_26,S2
BCIAO_SINC,ASIA_TACTO_IZQ_27,S3
BCIAO_SINC,ASIA_TACTO_IZQ_28,S4-5
BCIAO_SINC,ASIA_TACTO_IZQ_29,Normal
BCIAO_SINC,ASIA_TACTO_IZQ_3,C4
BCIAO_SINC,ASIA_TACTO_IZQ_30,No valorable
BCIAO_SINC,ASIA_TACTO_IZQ_4,C5
BCIAO_SINC,ASIA_TACTO_IZQ_5,C6
BCIAO_SINC,ASIA_TACTO_IZQ_6,C7
BCIAO_SINC,ASIA_TACTO_IZQ_7,C8
BCIAO_SINC,ASIA_TACTO_IZQ_8,T1
BCIAO_SINC,ASIA_TACTO_IZQ_9,T2
BIND_NEO,BCIAO_ASIS_1,1:01
BIND_NEO,BCIAO_ASIS_2,1:02
BIND_NEO,BCIAO_ASIS_3,1:03
BIND_NEO,BCIAO_ASIS_4,1:04
BIND_NEO,BCIAO_ASIS_5,1:08
BIND_NEO,BCIAO_ASIS_6,Parado
BIND_NEO,BCIAO_ASIS_7,Otro (especificar)
BIS_BSR,BCIAO_DIS_1,Arrow
BIS_BSR,BCIAO_DIS_2,Maquet
BIS_BSR,BCIAO_DIS_3,Otro (especificar)
BIS_CS,BCIAO_SINC_1,EKG
BIS_CS,BCIAO_SINC_2,Presión arterial
BIS_CS,BCIAO_SINC_3,Marcapasos
BIS_CS,BCIAO_SINC_4,Interno
BIS_CS,BCIAO_SINC_5,Otro (especificar)
BIS_DIS,BILI_TC_DIS_NEO_1,Draeger Jaundice Meter JM-103
BIS_DIS,BILI_TC_DIS_NEO_2,Draeger Jaundice Meter JM-105
BIS_DIS,BILI_TC_DIS_NEO_3,Otro (especificar)
BIS_DIS,BILI_TC_DIS_NEO_4,Delta
BIS_IDX,BILIRRUBI_ORINA_1,-
BIS_IDX,BILIRRUBI_ORINA_2,+
BIS_IDX,BILIRRUBI_ORINA_3,++
BIS_IDX,BILIRRUBI_ORINA_4,+++
BIS_IDX,BILIRRUBI_ORINA_5,Otro (especificar)
CA,BIND_NEO_1,0
CA,BIND_NEO_10,9
CA,BIND_NEO_11,No valorable
CA,BIND_NEO_12,Otro (especificar)
CA,BIND_NEO_2,1
CA,BIND_NEO_3,2
CA,BIND_NEO_4,3
CA,BIND_NEO_5,4
CA,BIND_NEO_6,5
CA,BIND_NEO_7,6
CA,BIND_NEO_8,7
CA,BIND_NEO_9,8
CANG_T_NEO,BIS_DIS_1,Monitor
CANG_T_NEO,BIS_DIS_2,Módulo
CANG_T_NEO,BIS_DIS_3,Otro (especificar)
CAR_RITM_NEO,BIS_MOD_1,Derecho
CAR_RITM_NEO,BIS_MOD_2,Izquierdo
CAR_RITM_NEO,BIS_MOD_3,Otro (especificar)
CEC_CER_PROT,BROMAGE_01,0 Bloqueo nulo
CEC_CER_PROT,BROMAGE_02,1 Bloqueo parcial
CEC_CER_PROT,BROMAGE_03,2 Bloqueo casi completo
CEC_CER_PROT,BROMAGE_04,3 Bloqueo completo
CEC_CER_PROT,BROMAGE_05,No valorable
CEC_CER_PROT,BROMAGE_06,Otro (especificar)
CEC_CIRCUIT_CAL,C_CETONICOS_NEO_1,-
CEC_CIRCUIT_CAL,C_CETONICOS_NEO_2,+
CEC_CIRCUIT_CAL,C_CETONICOS_NEO_3,++
CEC_CIRCUIT_CAL,C_CETONICOS_NEO_4,+++
CEC_CIRCUIT_CAL,C_CETONICOS_NEO_5,Otro (especificar)
CEC_CPLEJ_PRES,CANG_NEO_1,Madre
CEC_CPLEJ_PRES,CANG_NEO_2,Progenitor 2
CEC_CPLEJ_PRES,CANG_NEO_3,Cuidador/a
CEC_CPLEJ_PRES,CANG_NEO_4,Voluntario/a
CEC_CPLEJ_PRES,CANG_NEO_5,Otro (especificar)
CEC_CPLEJ_TIP,CAR_RITM_1,Sinusal
CEC_CPLEJ_TIP,CAR_RITM_10,Fibrilación ventricular
CEC_CPLEJ_TIP,CAR_RITM_11,Otro (especificar)
CEC_CPLEJ_TIP,CAR_RITM_12,Ritmo marcapasos
CEC_CPLEJ_TIP,CAR_RITM_13,Asistolia
CEC_CPLEJ_TIP,CAR_RITM_2,Fibrilación auricular
CEC_CPLEJ_TIP,CAR_RITM_3,Flutter auricular
CEC_CPLEJ_TIP,CAR_RITM_4,BAV 1er grado
CEC_CPLEJ_TIP,CAR_RITM_5,BAV 2do grado
CEC_CPLEJ_TIP,CAR_RITM_6,BAV 3er grado
CEC_CPLEJ_TIP,CAR_RITM_7,Taquicardia supraventricular
CEC_CPLEJ_TIP,CAR_RITM_8,Taquicardia ventricular
CEC_CPLEJ_TIP,CAR_RITM_9,Torsades de pointes
CEC_CPLEJ_VIA,CAR_RITM_NEO_1,Sinusal
CEC_CPLEJ_VIA,CAR_RITM_NEO_10,Fibrilación ventricular
CEC_CPLEJ_VIA,CAR_RITM_NEO_11,Ritmo marcapasos
CEC_CPLEJ_VIA,CAR_RITM_NEO_12,Asistolia
CEC_CPLEJ_VIA,CAR_RITM_NEO_13,Otro (especificar)
CEC_CPLEJ_VIA,CAR_RITM_NEO_2,Fibrilación auricular
CEC_CPLEJ_VIA,CAR_RITM_NEO_3,Flutter auricular
CEC_CPLEJ_VIA,CAR_RITM_NEO_4,BAV 1er grado
CEC_CPLEJ_VIA,CAR_RITM_NEO_5,BAV 2do grado
CEC_CPLEJ_VIA,CAR_RITM_NEO_6,BAV 3er grado
CEC_CPLEJ_VIA,CAR_RITM_NEO_7,Taquicardia supraventricular
CEC_CPLEJ_VIA,CAR_RITM_NEO_8,Taquicardia ventricular
CEC_CPLEJ_VIA,CAR_RITM_NEO_9,Torsades de pointes
CEC_DIS,CEC_CER_PROT_1,Anterógrada
CEC_DIS,CEC_CER_PROT_2,Retrógrada
CEC_DIS,CEC_CER_PROT_3,Ausente
CEC_DIS,CEC_CER_PROT_4,Otro (especificar)
CEC_DUR_ISQUEMIA,CEC_CIRCUIT_CAL_1,1/2-3/8
CEC_DUR_ISQUEMIA,CEC_CIRCUIT_CAL_2,3/8-3/8
CEC_DUR_ISQUEMIA,CEC_CIRCUIT_CAL_3,Otro (especificar)
CEC_DUR_PARADA,CEC_CIRCUIT_MOD_1,Biocompatible
CEC_DUR_PARADA,CEC_CIRCUIT_MOD_2,Estándar
CEC_DUR_PARADA,CEC_CIRCUIT_MOD_3,Otro (especificar)
CEC_MIO_TEMP,CEC_CPLEJ_MOD_1,Caliente
CEC_MIO_TEMP,CEC_CPLEJ_MOD_2,Fría
CEC_MIO_TEMP,CEC_CPLEJ_MOD_3,Otro (especificar)
CEC_OXIGEN_TIP,CEC_CPLEJ_TIP_1,Myotherm
CEC_OXIGEN_TIP,CEC_CPLEJ_TIP_2,Plegiox
CEC_OXIGEN_TIP,CEC_CPLEJ_TIP_3,CSC-14
CEC_OXIGEN_TIP,CEC_CPLEJ_TIP_4,Otro (especificar)
CEC_PERF_Q,CEC_CPLEJ_VIA_1,Anterógrada
CEC_PERF_Q,CEC_CPLEJ_VIA_2,Retrógrada
CEC_PERF_Q,CEC_CPLEJ_VIA_3,Injertos
CEC_PERF_Q,CEC_CPLEJ_VIA_4,Combinada
CEC_PERF_Q,CEC_CPLEJ_VIA_5,Otro (especificar)
CEC_PERF_TIP,CEC_DIS_1,Stöckert S-V
CEC_PERF_TIP,CEC_DIS_2,Rotaflow
CEC_PERF_TIP,CEC_DIS_3,Otro (especificar)
CEC_TCDE_TIP,CEC_HEP_PROT_1,"01:00,5"
CEC_TCDE_TIP,CEC_HEP_PROT_2,"01:00,7"
CEC_TCDE_TIP,CEC_HEP_PROT_3,1:01
CEC_TCDE_TIP,CEC_HEP_PROT_4,"01:01,1"
CEC_TCDE_TIP,CEC_HEP_PROT_5,Otro (especificar)
CEO_ANATOMIA,CEC_OXIGEN_MOD_1,Quadrox
CEO_ANATOMIA,CEC_OXIGEN_MOD_2,Fusion
CEO_ANATOMIA,CEC_OXIGEN_MOD_3,Remowell
CEO_ANATOMIA,CEC_OXIGEN_MOD_4,Avant
CEO_ANATOMIA,CEC_OXIGEN_MOD_5,Otro (especificar)
CEO_CIRCUIT_PRE,CEC_OXIGEN_TIP_01,Capilar
CEO_CIRCUIT_PRE,CEC_OXIGEN_TIP_02,Difusión
CEO_CIRCUIT_PRE,CEC_OXIGEN_TIP_03,Otro (especificar)
CEO_CIRCUIT_PRE,CEC_OXIGEN_TIP_1,Capilar
CEO_CIRCUIT_PRE,CEC_OXIGEN_TIP_2,Difusión
CEO_CIRCUIT_PRE,CEC_OXIGEN_TIP_3,Otro (especificar)
CEO_CIRCUIT_TIP,CEC_PERF_MOD_1,Rodillo
CEO_CIRCUIT_TIP,CEC_PERF_MOD_2,Centrífuga
CEO_CIRCUIT_TIP,CEC_PERF_MOD_3,Otro (especificar)
CEO_DUR_TOTAL,CEC_REC_CEL_1,Sí
CEO_DUR_TOTAL,CEC_REC_CEL_2,No
CEO_DU_ISQUEMIA,CEC_REC_TIP_1,CATS
CEO_DU_ISQUEMIA,CEC_REC_TIP_2,Otro (especificar)
CEO_INTV_FARM23,CEC_TCDE_MOD_1,Hemofiltración
CEO_INTV_FARM23,CEC_TCDE_MOD_2,Hemodiafiltración
CEO_INTV_FARM23,CEC_TCDE_MOD_3,Hemodiálisis
CEO_INTV_FARM23,CEC_TCDE_MOD_4,SCUF
CEO_INTV_FARM23,CEC_TCDE_MOD_5,Otro (especificar)
CEO_NEO,CEC_TCDE_TIP_1,Ausente
CEO_NEO,CEC_TCDE_TIP_2,Continua
CEO_NEO,CEC_TCDE_TIP_3,Intermitente
CEO_NEO,CEC_TCDE_TIP_4,Modificada
CEO_NEO,CEC_TCDE_TIP_5,Otro (especificar)
CEO_OXIGEN_FiO2,CEC_VEN_DRE_1,Aspiración
CEO_OXIGEN_FiO2,CEC_VEN_DRE_2,Centrífugo
CEO_OXIGEN_FiO2,CEC_VEN_DRE_3,Otro (especificar)
CEO_OXIGEN_MOD,CEFALEA_1,Ausencia
CEO_OXIGEN_MOD,CEFALEA_2,Presencia
CEO_OXIGEN_MOD,CEFALEA_3,Otro (especificar)
CEO_OXIGEN_O2Q,CEO_ANATOMIA_1,Extremidad
CEO_OXIGEN_O2Q,CEO_ANATOMIA_2,Intraperitoneal
CEO_OXIGEN_O2Q,CEO_ANATOMIA_3,Otro (especificar)
CEO_OXIGEN_TIP,CEO_CPLEJ_TIP_1,1/2-3/8
CEO_OXIGEN_TIP,CEO_CPLEJ_TIP_2,3/8-3/8
CEO_OXIGEN_TIP,CEO_CPLEJ_TIP_3,Otro (especificar)
CEO_PERF_TIP,CEO_CIRCUIT_TIP_1,Biocompatible
CEO_PERF_TIP,CEO_CIRCUIT_TIP_2,Estándar
CEO_PERF_TIP,CEO_CIRCUIT_TIP_3,Otro (especificar)
CEO_PROX_TEMP,CEO_DIS_1,Otro (especificar)
CEO_TADMI_FARM2,CEO_HEP_PROT_1,"01:00,5"
CEO_TADMI_FARM2,CEO_HEP_PROT_2,"01:00,7"
CEO_TADMI_FARM2,CEO_HEP_PROT_3,1:01
CEO_TADMI_FARM2,CEO_HEP_PROT_4,"01:01,1"
CEO_TADMI_FARM2,CEO_HEP_PROT_5,Otro (especificar)
CIREND_CO2_Q,CEO_NEO_1,Melanoma
CIREND_CO2_Q,CEO_NEO_2,Ovario
CIREND_CO2_Q,CEO_NEO_3,Intestinal
CIREND_CO2_Q,CEO_NEO_4,Otro (especificar)
CIREND_PIA_INS,CEO_OXIGEN_MOD_1,Quadrox
CIREND_PIA_INS,CEO_OXIGEN_MOD_2,Fusion
CIREND_PIA_INS,CEO_OXIGEN_MOD_3,Remowell
CIREND_PIA_INS,CEO_OXIGEN_MOD_4,Avant
CIREND_PIA_INS,CEO_OXIGEN_MOD_5,Otro (especificar)
CLIF-C OF,CEO_OXIGEN_TIP_1,Capilar
CLIF-C OF,CEO_OXIGEN_TIP_2,Difusión
CLIF-C OF,CEO_OXIGEN_TIP_3,Otro (especificar)
CLIF-SOFA,CEO_PERF_TIP_1,Rodillo
CLIF-SOFA,CEO_PERF_TIP_2,Centrífuga
CLIF-SOFA,CEO_PERF_TIP_3,Otro (especificar)
CV_ESP,COLOR_EID_1,Normal
CV_ESP,COLOR_EID_2,Pálido
CV_ESP,COLOR_EID_3,Cianótico
CV_ESP,COLOR_EID_4,Otro (especificar)
CV_POS,COLOR_EII_1,Normal
CV_POS,COLOR_EII_2,Pálido
CV_POS,COLOR_EII_3,Cianótico
CV_POS,COLOR_EII_4,Otro (especificar)
C_CETONICOS_NEO,COLOR_ESD_1,Normal
C_CETONICOS_NEO,COLOR_ESD_2,Pálido
C_CETONICOS_NEO,COLOR_ESD_3,Cianótico
C_CETONICOS_NEO,COLOR_ESD_4,Otro (especificar)
DELIRIO_CAM-ICU,COLOR_ESI_1,Normal
DELIRIO_CAM-ICU,COLOR_ESI_2,Pálido
DELIRIO_CAM-ICU,COLOR_ESI_3,Cianótico
DELIRIO_CAM-ICU,COLOR_ESI_4,Otro (especificar)
DELIRIO_NU_DESC,COLOR_NEO_1,Normal
DELIRIO_NU_DESC,COLOR_NEO_10,Cianótico
DELIRIO_NU_DESC,COLOR_NEO_2,Normal-Pletórico
DELIRIO_NU_DESC,COLOR_NEO_3,Normal-Ictérico
DELIRIO_NU_DESC,COLOR_NEO_4,Pletórico
DELIRIO_NU_DESC,COLOR_NEO_5,Pletórico-Ictérico
DELIRIO_NU_DESC,COLOR_NEO_6,Ictérico
DELIRIO_NU_DESC,COLOR_NEO_7,Ictérico-Pálido
DELIRIO_NU_DESC,COLOR_NEO_8,Pálido
DELIRIO_NU_DESC,COLOR_NEO_9,Pálido-Cianótico
DIAM_PD_NEO,COMA_NEO_1,0
DIAM_PD_NEO,COMA_NEO_10,9
DIAM_PD_NEO,COMA_NEO_11,10
DIAM_PD_NEO,COMA_NEO_12,11
DIAM_PD_NEO,COMA_NEO_13,12
DIAM_PD_NEO,COMA_NEO_14,13
DIAM_PD_NEO,COMA_NEO_15,14
DIAM_PD_NEO,COMA_NEO_16,15
DIAM_PD_NEO,COMA_NEO_17,No valorable
DIAM_PD_NEO,COMA_NEO_18,Otro (especificar)
DIAM_PD_NEO,COMA_NEO_2,1
DIAM_PD_NEO,COMA_NEO_3,2
DIAM_PD_NEO,COMA_NEO_4,3
DIAM_PD_NEO,COMA_NEO_5,4
DIAM_PD_NEO,COMA_NEO_6,5
DIAM_PD_NEO,COMA_NEO_7,6
DIAM_PD_NEO,COMA_NEO_8,7
DIAM_PD_NEO,COMA_NEO_9,8
DIAM_PI,CONTRACCIONES_1,Ausencia
DIAM_PI,CONTRACCIONES_2,Presencia
DIAM_PI,CONTRACCIONES_3,Otro (especificar)
DOLOR_COMF_NEO,CUERPO_CETONICO_1,+
DOLOR_COMF_NEO,CUERPO_CETONICO_2,++
DOLOR_COMF_NEO,CUERPO_CETONICO_3,+++
DOLOR_COMF_NEO,CUERPO_CETONICO_4,Otro (especificar)
DOLOR_COMF_NEO,CUERPO_CETONICO_5,-
DOLOR_COR,CUNA_POS_NEO_1,0
DOLOR_COR,CUNA_POS_NEO_2,45
DOLOR_COR,CUNA_POS_NEO_3,Otro (especificar)
DOLOR_COR,CUNA_POS_NEO_4,12
DOLOR_CRIES_NEO,CUNAT_DIS_NEO_1,DO Giraffe
DOLOR_CRIES_NEO,CUNAT_DIS_NEO_2,DO Omnibed
DOLOR_CRIES_NEO,CUNAT_DIS_NEO_3,Otro (especificar)
DOLOR_ESCID,CUNAT_POS_NEO_1,0
DOLOR_ESCID,CUNAT_POS_NEO_2,15
DOLOR_ESCID,CUNAT_POS_NEO_3,30
DOLOR_ESCID,CUNAT_POS_NEO_4,45
DOLOR_ESCID,CUNAT_POS_NEO_5,Otro (especificar)
DOLOR_ESCID,CUNAT_POS_NEO_6,12
DOLOR_EVN,CV_POS_1,Sentado
DOLOR_EVN,CV_POS_2,Decúbito
DOLOR_EVN,CV_POS_3,Otro (especificar)
DOLOR_LOC,DELIRIO_CAM-ICU_1,Presente
DOLOR_LOC,DELIRIO_CAM-ICU_2,Ausente
DOLOR_LOC,DELIRIO_CAM-ICU_3,Otro (especificar)
DOLOR_PAINAD,DELIRIO_NU_DESC_01,0
DOLOR_PAINAD,DELIRIO_NU_DESC_02,1
DOLOR_PAINAD,DELIRIO_NU_DESC_03,2
DOLOR_PAINAD,DELIRIO_NU_DESC_04,3
DOLOR_PAINAD,DELIRIO_NU_DESC_05,4
DOLOR_PAINAD,DELIRIO_NU_DESC_06,5
DOLOR_PAINAD,DELIRIO_NU_DESC_07,6
DOLOR_PAINAD,DELIRIO_NU_DESC_08,7
DOLOR_PAINAD,DELIRIO_NU_DESC_09,8
DOLOR_PAINAD,DELIRIO_NU_DESC_10,9
DOLOR_PAINAD,DELIRIO_NU_DESC_11,10
DOLOR_PAINAD,DELIRIO_NU_DESC_12,No valorable
DOLOR_PAINAD,DELIRIO_NU_DESC_13,Otro (especificar)
DOLOR_PIPP_NEO,10,10
DOLOR_PIPP_NEO,7,7
DOLOR_PIPP_NEO,8,8
DOLOR_PIPP_NEO,9,9
DOLOR_PIPP_NEO,DIAM_PI_11,No valorable
DOLOR_PIPP_NEO,DIAM_PI_12,Otro (especificar)
DPMAX_OP,DIAM_PD_NEO_1,Midriasis (6-7 mm)
DPMAX_OP,DIAM_PD_NEO_2,Normal (5-3 mm)
DPMAX_OP,DIAM_PD_NEO_3,Miosis (menor o igual 2 mm)
DPMAX_OP,DIAM_PD_NEO_4,No valorable
DPMAX_OP,DIAM_PD_NEO_5,Otro (especificar)
DP_VOL_UF,VNI_TA_INTE_NEO_1,XS (verde)
DP_VOL_UF,VNI_TA_INTE_NEO_2,S (rosa)
DP_VOL_UF,VNI_TA_INTE_NEO_3,M (azul)
DP_VOL_UF,VNI_TA_INTE_NEO_4,L (morada)
DP_VOL_UF,VNI_TA_INTE_NEO_5,XL (transparente)
DP_VOL_UF,VNI_TA_INTE_NEO_6,MicroPrema (blanco)
DP_VOL_UF,VNI_TA_INTE_NEO_7,Prematuro (verde)
DP_VOL_UF,VNI_TA_INTE_NEO_8,Recién nacido (azul)
DP_VOL_UF,VNI_TA_INTE_NEO_9,Otros (especificar)
EB_EF_NEO,DIAM_PI_NEO_1,Midriasis (6-7 mm)
EB_EF_NEO,DIAM_PI_NEO_2,Normal (5-3 mm)
EB_EF_NEO,DIAM_PI_NEO_3,Miosis (<=2 mm)
EB_EF_NEO,DIAM_PI_NEO_4,No valorable
EB_EF_NEO,DIAM_PI_NEO_5,Otro (especificar)
EDEMA_EID,DIN_UTER_DIS_1,Otro (especificar)
EDEMA_EII,DIN_UTER_DOLOR_1,Ausencia
EDEMA_EII,DIN_UTER_DOLOR_2,Presencia
EDEMA_EII,DIN_UTER_DOLOR_3,No valorable
EDEMA_EII,DIN_UTER_DOLOR_4,Otro (especificar)
EDEMA_ESCLAVINA,DIN_UTER_REGULA_1,Regular
EDEMA_ESCLAVINA,DIN_UTER_REGULA_2,Irregular
EDEMA_ESCLAVINA,DIN_UTER_REGULA_3,No
EDEMA_ESD,DOLOR_COMF_NEO_1,Sin dolor <14 (6-13)
EDEMA_ESD,DOLOR_COMF_NEO_2,Dolor leve-moderado 14-22
EDEMA_ESD,DOLOR_COMF_NEO_3,Dolor grave 23-30
EDEMA_ESI,DOLOR_COR_0,0
EDEMA_ESI,DOLOR_COR_1,1
EDEMA_ESI,DOLOR_COR_10,10
EDEMA_ESI,DOLOR_COR_11,No valorable
EDEMA_ESI,DOLOR_COR_12,Otro (especificar)
EDEMA_ESI,DOLOR_COR_2,2
EDEMA_ESI,DOLOR_COR_3,3
EDEMA_ESI,DOLOR_COR_4,4
EDEMA_ESI,DOLOR_COR_5,5
EDEMA_ESI,DOLOR_COR_6,6
EDEMA_ESI,DOLOR_COR_7,7
EDEMA_ESI,DOLOR_COR_8,8
EDEMA_ESI,DOLOR_COR_9,9
EDEMA_FACIAL,DOLOR_CRIES_NEO_1,0
EDEMA_FACIAL,DOLOR_CRIES_NEO_10,9
EDEMA_FACIAL,DOLOR_CRIES_NEO_11,10
EDEMA_FACIAL,DOLOR_CRIES_NEO_12,No valorable
EDEMA_FACIAL,DOLOR_CRIES_NEO_13,Otro (especificar)
EDEMA_FACIAL,DOLOR_CRIES_NEO_2,1
EDEMA_FACIAL,DOLOR_CRIES_NEO_3,2
EDEMA_FACIAL,DOLOR_CRIES_NEO_4,3
EDEMA_FACIAL,DOLOR_CRIES_NEO_5,4
EDEMA_FACIAL,DOLOR_CRIES_NEO_6,5
EDEMA_FACIAL,DOLOR_CRIES_NEO_7,6
EDEMA_FACIAL,DOLOR_CRIES_NEO_8,7
EDEMA_FACIAL,DOLOR_CRIES_NEO_9,8
EDEMA_SACRO,0,0
EDEMA_SACRO,90,No Valorable
EDEMA_SACRO,DOLOR_ENO_01,No aplica
EDEMA_SACRO,DOLOR_ENO_02,0
EDEMA_SACRO,DOLOR_ENO_03,1
EDEMA_SACRO,DOLOR_ENO_04,2
EDEMA_SACRO,DOLOR_ENO_05,3
EDEMA_SACRO,DOLOR_ENO_06,4
EDEMA_SACRO,DOLOR_ENO_07,5
EDEMA_SACRO,DOLOR_ENO_08,6
EDEMA_SACRO,DOLOR_ENO_09,7
EDEMA_SACRO,DOLOR_ENO_10,8
EDEMA_SACRO,DOLOR_ENO_11,9
EDEMA_SACRO,DOLOR_ENO_12,10
EDEMA_VULVA,DOLOR_ESCID_01,0
EDEMA_VULVA,DOLOR_ESCID_02,1
EDEMA_VULVA,DOLOR_ESCID_03,2
EDEMA_VULVA,DOLOR_ESCID_04,3
EDEMA_VULVA,DOLOR_ESCID_05,4
EDEMA_VULVA,DOLOR_ESCID_06,5
EDEMA_VULVA,DOLOR_ESCID_07,6
EDEMA_VULVA,DOLOR_ESCID_08,7
EDEMA_VULVA,DOLOR_ESCID_09,8
EDEMA_VULVA,DOLOR_ESCID_10,9
EDEMA_VULVA,DOLOR_ESCID_11,10
EDEMA_VULVA,DOLOR_ESCID_12,No valorable
EDEMA_VULVA,DOLOR_ESCID_13,Otro (especificar)
EEGA_BDER_C_NEO,DOLOR_EVA_1,Ausencia de dolor
EEGA_BDER_C_NEO,DOLOR_EVA_2,Máximo dolor imaginable
EEGA_BDER_C_NEO,DOLOR_EVA_3,Otro (especificar)
EEGA_BDER_P_NEO,DOLOR_EVC_1,Sin dolor
EEGA_BDER_P_NEO,DOLOR_EVC_2,Dolor leve
EEGA_BDER_P_NEO,DOLOR_EVC_3,Dolor moderado
EEGA_BDER_P_NEO,DOLOR_EVC_4,Dolor intenso
EEGA_BDER_P_NEO,DOLOR_EVC_5,Máximo dolor
EEGA_BDER_P_NEO,DOLOR_EVC_6,Otro (especificar)
EEGA_BIZQ_C_NEO,DOLOR_LOC_1,General
EEGA_BIZQ_C_NEO,DOLOR_LOC_10,Periné
EEGA_BIZQ_C_NEO,DOLOR_LOC_2,Cefálico
EEGA_BIZQ_C_NEO,DOLOR_LOC_3,Tórax
EEGA_BIZQ_C_NEO,DOLOR_LOC_4,Abdomen
EEGA_BIZQ_C_NEO,DOLOR_LOC_5,Extremidades
EEGA_BIZQ_C_NEO,DOLOR_LOC_6,Otro (especificar)
EEGA_BIZQ_C_NEO,DOLOR_LOC_7,Torso
EEGA_BIZQ_C_NEO,DOLOR_LOC_8,Lumbar
EEGA_BIZQ_C_NEO,DOLOR_LOC_9,Mama
EEGA_BIZQ_P_NEO,DOLOR_PAINAD_1,0
EEGA_BIZQ_P_NEO,DOLOR_PAINAD_10,9
EEGA_BIZQ_P_NEO,DOLOR_PAINAD_11,10
EEGA_BIZQ_P_NEO,DOLOR_PAINAD_12,No valorable
EEGA_BIZQ_P_NEO,DOLOR_PAINAD_13,Otro (especificar)
EEGA_BIZQ_P_NEO,DOLOR_PAINAD_2,1
EEGA_BIZQ_P_NEO,DOLOR_PAINAD_3,2
EEGA_BIZQ_P_NEO,DOLOR_PAINAD_4,3
EEGA_BIZQ_P_NEO,DOLOR_PAINAD_5,4
EEGA_BIZQ_P_NEO,DOLOR_PAINAD_6,5
EEGA_BIZQ_P_NEO,DOLOR_PAINAD_7,6
EEGA_BIZQ_P_NEO,DOLOR_PAINAD_8,7
EEGA_BIZQ_P_NEO,DOLOR_PAINAD_9,8
EEGA_BI_CVS_NEO,DOLOR_PIPP_NEO_1,0
EEGA_BI_CVS_NEO,DOLOR_PIPP_NEO_10,9
EEGA_BI_CVS_NEO,DOLOR_PIPP_NEO_11,10
EEGA_BI_CVS_NEO,DOLOR_PIPP_NEO_12,11
EEGA_BI_CVS_NEO,DOLOR_PIPP_NEO_13,12
EEGA_BI_CVS_NEO,DOLOR_PIPP_NEO_14,13
EEGA_BI_CVS_NEO,DOLOR_PIPP_NEO_15,14
EEGA_BI_CVS_NEO,DOLOR_PIPP_NEO_16,15
EEGA_BI_CVS_NEO,DOLOR_PIPP_NEO_17,16
EEGA_BI_CVS_NEO,DOLOR_PIPP_NEO_18,17
EEGA_BI_CVS_NEO,DOLOR_PIPP_NEO_19,18
EEGA_BI_CVS_NEO,DOLOR_PIPP_NEO_2,1
EEGA_BI_CVS_NEO,DOLOR_PIPP_NEO_20,19
EEGA_BI_CVS_NEO,DOLOR_PIPP_NEO_21,20
EEGA_BI_CVS_NEO,DOLOR_PIPP_NEO_22,21
EEGA_BI_CVS_NEO,DOLOR_PIPP_NEO_23,No valorable
EEGA_BI_CVS_NEO,DOLOR_PIPP_NEO_24,Otro (especificar)
EEGA_BI_CVS_NEO,DOLOR_PIPP_NEO_25,<= 6 No Dolor/leve
EEGA_BI_CVS_NEO,DOLOR_PIPP_NEO_26,7 a 12 Dolor Moderado
EEGA_BI_CVS_NEO,DOLOR_PIPP_NEO_27,>= 12 Dolor intenso
EEGA_BI_CVS_NEO,DOLOR_PIPP_NEO_3,2
EEGA_BI_CVS_NEO,DOLOR_PIPP_NEO_4,3
EEGA_BI_CVS_NEO,DOLOR_PIPP_NEO_5,4
EEGA_BI_CVS_NEO,DOLOR_PIPP_NEO_6,5
EEGA_BI_CVS_NEO,DOLOR_PIPP_NEO_7,6
EEGA_BI_CVS_NEO,DOLOR_PIPP_NEO_8,7
EEGA_BI_CVS_NEO,DOLOR_PIPP_NEO_9,8
EEGA_MONO_C_NEO,DP_DIS_1,Homechoice
EEGA_MONO_C_NEO,DP_DIS_2,SleepSave
EEGA_MONO_C_NEO,DP_DIS_3,Otro (especificar)
EEGA_MO_CSV_NEO,DP_GLUCOSA_1,"1,50%"
EEGA_MO_CSV_NEO,DP_GLUCOSA_2,"2,50%"
EEGA_MO_CSV_NEO,DP_GLUCOSA_3,"4,25%"
EEGA_MO_CSV_NEO,DP_GLUCOSA_4,Otro (especificar)
EEGA_TIPO_NEO,DP_MOD_1,Automática
EEGA_TIPO_NEO,DP_MOD_2,Manual
EEGA_TIPO_NEO,DP_MOD_3,Otro (especificar)
EST_HID_NEO,EDEMA_EID_1,Ausencia
EST_HID_NEO,EDEMA_EID_2,Leve
EST_HID_NEO,EDEMA_EID_3,Moderado
EST_HID_NEO,EDEMA_EID_4,Abundante
EST_HID_NEO,EDEMA_EID_5,Otro (especificar)
ETCO2,EDEMA_EII_1,Ausencia
ETCO2,EDEMA_EII_2,Leve
ETCO2,EDEMA_EII_3,Moderado
ETCO2,EDEMA_EII_4,Abundante
ETCO2,EDEMA_EII_5,Otro (especificar)
ETCO2_NEO,EDEMA_ESCLAVINA_1,Ausencia
ETCO2_NEO,EDEMA_ESCLAVINA_2,Leve
ETCO2_NEO,EDEMA_ESCLAVINA_3,Moderado
ETCO2_NEO,EDEMA_ESCLAVINA_4,Abundante
ETCO2_NEO,EDEMA_ESCLAVINA_5,Otro (especificar)
ETCO2_VMA,EDEMA_ESCROTO_1,Ausencia
ETCO2_VMA,EDEMA_ESCROTO_2,Leve
ETCO2_VMA,EDEMA_ESCROTO_3,Moderado
ETCO2_VMA,EDEMA_ESCROTO_4,Abundante
ETCO2_VMA,EDEMA_ESCROTO_5,Otro (especificar)
ETCO2_VMI,EDEMA_ESD_1,Ausencia
ETCO2_VMI,EDEMA_ESD_2,Leve
ETCO2_VMI,EDEMA_ESD_3,Moderado
ETCO2_VMI,EDEMA_ESD_4,Abundante
ETCO2_VMI,EDEMA_ESD_5,Otro (especificar)
ETCO2_VMI_NEO,EDEMA_ESI_1,Ausencia
ETCO2_VMI_NEO,EDEMA_ESI_2,Leve
ETCO2_VMI_NEO,EDEMA_ESI_3,Moderado
ETCO2_VMI_NEO,EDEMA_ESI_4,Abundante
ETCO2_VMI_NEO,EDEMA_ESI_5,Otro (especificar)
EUROSCORE,EDEMA_FACIAL_1,Ausencia
EUROSCORE,EDEMA_FACIAL_2,Leve
EUROSCORE,EDEMA_FACIAL_3,Moderado
EUROSCORE,EDEMA_FACIAL_4,Abundante
EUROSCORE,EDEMA_FACIAL_5,Otro (especificar)
EVLW_OP,EDEMA_SACRO_1,Ausencia
EVLW_OP,EDEMA_SACRO_2,Leve
EVLW_OP,EDEMA_SACRO_3,Moderado
EVLW_OP,EDEMA_SACRO_4,Abundante
EVLW_OP,EDEMA_SACRO_5,Otro (especificar)
EVN_MOV,VMI_PRICO_NEO_1,Activado
EVN_MOV,VMI_PRICO_NEO_2,Desactivado
EVN_MOV,VMI_PRICO_NEO_3,Otros (especificar)
EXTEM_Alpha,EDEMA_VULVA_1,Ausencia
EXTEM_Alpha,EDEMA_VULVA_2,Leve
EXTEM_Alpha,EDEMA_VULVA_3,Moderado
EXTEM_Alpha,EDEMA_VULVA_4,Abundante
EXTEM_Alpha,EDEMA_VULVA_5,Otro (especificar)
EXTEM_CFT,EEGA_BD_CSV_NEO_1,No
EXTEM_CFT,EEGA_BD_CSV_NEO_2,CSV maduros
EXTEM_CFT,EEGA_BD_CSV_NEO_3,CSV inmaduros
EXTEM_CFT,EEGA_BD_CSV_NEO_4,Otros (especificar)
EXTEM_CT,EEGA_BDER_C_NEO_1,No
EXTEM_CT,EEGA_BDER_C_NEO_2,Sí
EXTEM_CT,EEGA_BDER_C_NEO_3,Estatus
EXTEM_CT,EEGA_BDER_C_NEO_4,Otro (especificar)
EXTEM_LI30,EEGA_BDER_P_NEO_1,CNV (Continuo normovoltado)
EXTEM_LI30,EEGA_BDER_P_NEO_2,CBV (Continuo bajo voltaje)
EXTEM_LI30,EEGA_BDER_P_NEO_3,DNV (Discontinuo normovoltado)
EXTEM_LI30,EEGA_BDER_P_NEO_4,IS (Isoeléctrico)
EXTEM_LI30,EEGA_BDER_P_NEO_5,BS (Brote supresión)
EXTEM_LI30,EEGA_BDER_P_NEO_6,DBV (Discontinuo bajo voltaje)
EXTEM_LI30,EEGA_BDER_P_NEO_7,DAV (Discontinuo alto voltaje)
EXTEM_LI30,EEGA_BDER_P_NEO_8,Otros (especificar)
EXTEM_LI60,EEGA_BI_CVS_NEO_1,No
EXTEM_LI60,EEGA_BI_CVS_NEO_2,CSV maduros
EXTEM_LI60,EEGA_BI_CVS_NEO_3,CSV inmaduros
EXTEM_LI60,EEGA_BI_CVS_NEO_4,Otros (especificar)
EXTEM_MCF,EEGA_BIZQ_C_NEO_1,No
EXTEM_MCF,EEGA_BIZQ_C_NEO_2,Sí
EXTEM_MCF,EEGA_BIZQ_C_NEO_3,Estatus
EXTEM_MCF,EEGA_BIZQ_C_NEO_4,Otro (especificar)
EXTEM_ML,EEGA_BIZQ_P_NEO_1,CNV (Continuo normovoltado)
EXTEM_ML,EEGA_BIZQ_P_NEO_2,CBV (Continuo bajo voltaje)
EXTEM_ML,EEGA_BIZQ_P_NEO_3,DNV (Discontinuo normovoltado)
EXTEM_ML,EEGA_BIZQ_P_NEO_4,IS (Isoeléctrico)
EXTEM_ML,EEGA_BIZQ_P_NEO_5,BS (Brote supresión)
EXTEM_ML,EEGA_BIZQ_P_NEO_6,DBV (Discontinuo bajo voltaje)
EXTEM_ML,EEGA_BIZQ_P_NEO_7,DAV (Discontinuo alto voltaje)
EXTEM_ML,EEGA_BIZQ_P_NEO_8,Otros (especificar)
FCOHB,EEGA_DIS_NEO_1,CFM Olympic
FCOHB,EEGA_DIS_NEO_2,CFM Olympic Brainz
FCOHB,EEGA_DIS_NEO_3,Otro (especificar)
FCOHB_NEO,EEGA_MO_CSV_NEO_1,No
FCOHB_NEO,EEGA_MO_CSV_NEO_2,CSV maduros
FCOHB_NEO,EEGA_MO_CSV_NEO_3,CSV inmaduros
FCOHB_NEO,EEGA_MO_CSV_NEO_4,Otros (especificar)
FC_%MCP,EEGA_MONO_C_NEO_1,No
FC_%MCP,EEGA_MONO_C_NEO_2,Sí
FC_%MCP,EEGA_MONO_C_NEO_3,Estatus
FC_%MCP,EEGA_MONO_C_NEO_4,Otro (especificar)
FC_AUS,EEGA_MONO_P_NEO_1,CNV (Continuo normovoltado)
FC_AUS,EEGA_MONO_P_NEO_2,CBV (Continuo bajo voltaje)
FC_AUS,EEGA_MONO_P_NEO_3,DNV (Discontinuo normovoltado)
FC_AUS,EEGA_MONO_P_NEO_4,IS (Isoeléctrico)
FC_AUS,EEGA_MONO_P_NEO_5,BS (Brote supresión)
FC_AUS,EEGA_MONO_P_NEO_6,DBV (Discontinuo bajo voltaje)
FC_AUS,EEGA_MONO_P_NEO_7,DAV (Discontinuo alto voltaje)
FC_AUS,EEGA_MONO_P_NEO_8,Otros (especificar)
FC_AUS_NEO,EEGA_TIPO_NEO_4,Monocanal
FC_AUS_NEO,EEGA_TIPO_NEO_5,Bicanal
FC_CVP,1,1
FC_CVP,2,2
FC_CVP,3,3
FC_CVP,4,4
FC_CVP,ENC_HEP_5,No valorable
FC_CVP,ENC_HEP_6,Otro (especificar)
FC_EKG_NEO,EPIGASTRALGIA_1,Ausencia
FC_EKG_NEO,EPIGASTRALGIA_2,Presencia
FC_EKG_NEO,EPIGASTRALGIA_3,Otro (especificar)
FC_FET,EPOC_1,No EPOC
FC_FET,EPOC_2,EPOC sin hipercapnia
FC_FET,EPOC_3,EPOC con hipercapnia
FC_FET,EPOC_4,con EPOC
FC_OSC,EST_HID_NEO_1,Normal
FC_OSC,EST_HID_NEO_2,Edema
FC_OSC,EST_HID_NEO_3,Escleredema
FC_OSC,EST_HID_NEO_4,Mucosas secas
FC_OSC,EST_HID_NEO_5,Pliegue
FC_OSC_NEO,ESTA_CONCIE_NEO_1,Normal
FC_OSC_NEO,ESTA_CONCIE_NEO_2,Embotado
FC_OSC_NEO,ESTA_CONCIE_NEO_3,Letargia
FC_OSC_NEO,ESTA_CONCIE_NEO_4,Estupor
FC_OSC_NEO,ESTA_CONCIE_NEO_5,Coma
FC_OSC_NEO,ESTA_CONCIE_NEO_6,Otro (especificar)
FC_PA,ESTADO_CONCIENC_1,Alerta
FC_PA,ESTADO_CONCIENC_2,Confuso
FC_PA,ESTADO_CONCIENC_3,Responde a voz
FC_PA,ESTADO_CONCIENC_4,Agitado
FC_PA,ESTADO_CONCIENC_5,Responde a dolor
FC_PA,ESTADO_CONCIENC_6,Inconsciente
FC_PA,ESTADO_CONCIENC_7,Otro (especificar)
FINNEGAN_MOD_NEO,EVN_MOV_0,0
FINNEGAN_MOD_NEO,EVN_MOV_1,1
FINNEGAN_MOD_NEO,EVN_MOV_10,10
FINNEGAN_MOD_NEO,EVN_MOV_2,2
FINNEGAN_MOD_NEO,EVN_MOV_3,3
FINNEGAN_MOD_NEO,EVN_MOV_4,4
FINNEGAN_MOD_NEO,EVN_MOV_5,5
FINNEGAN_MOD_NEO,EVN_MOV_6,6
FINNEGAN_MOD_NEO,EVN_MOV_7,7
FINNEGAN_MOD_NEO,EVN_MOV_8,8
FINNEGAN_MOD_NEO,EVN_MOV_9,9
FINNEGAN_MO_NEO,EVN_REP_0,0
FINNEGAN_MO_NEO,EVN_REP_1,1
FINNEGAN_MO_NEO,EVN_REP_10,10
FINNEGAN_MO_NEO,EVN_REP_2,2
FINNEGAN_MO_NEO,EVN_REP_3,3
FINNEGAN_MO_NEO,EVN_REP_4,4
FINNEGAN_MO_NEO,EVN_REP_5,5
FINNEGAN_MO_NEO,EVN_REP_6,6
FINNEGAN_MO_NEO,EVN_REP_7,7
FINNEGAN_MO_NEO,EVN_REP_8,8
FINNEGAN_MO_NEO,EVN_REP_9,9
GC_TC,FETAL_DIS_1,Otro (especificar)
GLUCOSA_POC_NEO,FM_PD_1,Presente
GLUCOSA_POC_NEO,FM_PD_2,Ausente
GLUCOSA_POC_NEO,FM_PD_3,Otro (especificar)
GLUCOSA_TIRA_NEO,FM_PD_NEO_2,Presente
GLUCOSA_TIRA_NEO,FM_PD_NEO_3,Ausente
GLUCOSA_TIRA_NEO,FM_PD_NEO_4,Otro (especificar)
GLUCOSA_TIR_NEO,FM_PI _1,Presente
GLUCOSA_TIR_NEO,FM_PI _2,Ausente
GLUCOSA_TIR_NEO,FM_PI _3,Otro (especificar)
GLUCOSURIA,FM_PI_NEO_1,Presente
GLUCOSURIA,FM_PI_NEO_2,Ausente
GLUCOSURIA,FM_PI_NEO_3,Otro (especificar)
HB_LIQ_BIOL,FOTO_DIS_NEO_1,NeoBlue_Natus (fría)
HB_LIQ_BIOL,FOTO_DIS_NEO_2,NeoBlueCompact_Natus (fría)
HB_LIQ_BIOL,FOTO_DIS_NEO_3,MicroLite_Drager
HB_LIQ_BIOL,FOTO_DIS_NEO_4,Otro (especificar)
HB_POC_NEO,FOTOPSIAS_1,Ausencia
HB_POC_NEO,FOTOPSIAS_2,Presencia
HB_POC_NEO,FOTOPSIAS_3,Otro (especificar)
HDI_DIAL,VNI_FIJA_TA_NEO_1,G-T.000 (Blanco
HDI_DIAL,VNI_FIJA_TA_NEO_10,G-T.7 (Naranja
HDI_DIAL,VNI_FIJA_TA_NEO_11,G-T.8 (Verde oscuro
HDI_DIAL,VNI_FIJA_TA_NEO_12,G-T.9 (Azul marino
HDI_DIAL,VNI_FIJA_TA_NEO_13,A-XS (17-21 cm)
HDI_DIAL,VNI_FIJA_TA_NEO_14,A-S (21-26 cm)
HDI_DIAL,VNI_FIJA_TA_NEO_15,A-SM (24-28 cm)
HDI_DIAL,VNI_FIJA_TA_NEO_16,A-M (26-32 cm)
HDI_DIAL,VNI_FIJA_TA_NEO_17,A-L (32-37 cm)
HDI_DIAL,VNI_FIJA_TA_NEO_18,A-XL (37-42 cm)
HDI_DIAL,VNI_FIJA_TA_NEO_19,Otro (especificar)
HDI_DIAL,VNI_FIJA_TA_NEO_2,G-T.00 (Gris
HDI_DIAL,VNI_FIJA_TA_NEO_3,G-T.0 (Rosa
HDI_DIAL,VNI_FIJA_TA_NEO_4,G-T.1 (Marrón
HDI_DIAL,VNI_FIJA_TA_NEO_5,G-T.2 (Amarillo
HDI_DIAL,VNI_FIJA_TA_NEO_6,G-T.3 (Azul
HDI_DIAL,VNI_FIJA_TA_NEO_7,G-T.4 (Dorado
HDI_DIAL,VNI_FIJA_TA_NEO_8,G-T.5 (Verde
HDI_DIAL,VNI_FIJA_TA_NEO_9,G-T.6 (Burdeos
HDI_DIS,FUERZA_EID_1,0/5
HDI_DIS,FUERZA_EID_2,01-may
HDI_DIS,FUERZA_EID_3,02-may
HDI_DIS,FUERZA_EID_4,03-may
HDI_DIS,FUERZA_EID_5,04-may
HDI_DIS,FUERZA_EID_6,05-may
HDI_DIS,FUERZA_EID_7,Otro (especificar)
HDI_EXT_HORA,FUERZA_EII_1,0/5
HDI_EXT_HORA,FUERZA_EII_2,01-may
HDI_EXT_HORA,FUERZA_EII_3,02-may
HDI_EXT_HORA,FUERZA_EII_4,03-may
HDI_EXT_HORA,FUERZA_EII_5,04-may
HDI_EXT_HORA,FUERZA_EII_6,05-may
HDI_EXT_HORA,FUERZA_EII_7,Otro (especificar)
HDI_FIL,VNI_DIS_NEO_1,VN500
HDI_FIL,VNI_DIS_NEO_2,InfantFlow
HDI_FIL,VNI_DIS_NEO_3,Fabian
HDI_FIL,VNI_DIS_NEO_4,Babylog
HDI_FIL,VNI_DIS_NEO_5,Otro (especificar)
HDI_ID_DIAL,VNI_MOD_NEO_1,CPAP
HDI_ID_DIAL,VNI_MOD_NEO_2,BiPAP
HDI_ID_DIAL,VNI_MOD_NEO_3,BiPAP+Tr
HDI_ID_DIAL,VNI_MOD_NEO_4,Otro (especificar)
HDI_PTM_,FUERZA_ESD_1,0/5
HDI_PTM_,FUERZA_ESD_2,01-may
HDI_PTM_,FUERZA_ESD_3,02-may
HDI_PTM_,FUERZA_ESD_4,03-may
HDI_PTM_,FUERZA_ESD_5,04-may
HDI_PTM_,FUERZA_ESD_6,05-may
HDI_PTM_,FUERZA_ESD_7,Otro (especificar)
HDI_P_ENT,FUERZA_ESI_1,0/5
HDI_P_ENT,FUERZA_ESI_2,01-may
HDI_P_ENT,FUERZA_ESI_3,02-may
HDI_P_ENT,FUERZA_ESI_4,03-may
HDI_P_ENT,FUERZA_ESI_5,04-may
HDI_P_ENT,FUERZA_ESI_6,05-may
HDI_P_ENT,FUERZA_ESI_7,Otro (especificar)
HDI_P_RET,GAS_MUESTRA_NEO_1,Arterial
HDI_P_RET,GAS_MUESTRA_NEO_2,Venosa
HDI_P_RET,GAS_MUESTRA_NEO_3,Capilar
HDI_P_RET,GAS_MUESTRA_NEO_4,Otro (especificar)
HDI_SANGRE_Q,GASES_MUESTRA_1,Arterial
HDI_SANGRE_Q,GASES_MUESTRA_2,Venosa
HDI_SANGRE_Q,GASES_MUESTRA_3,Venosa central
HDI_SANGRE_Q,GASES_MUESTRA_4,Venosa mixta
HDI_SANGRE_Q,GASES_MUESTRA_5,Otro (especificar)
HFOV_FUGAS_NEO,GLUCOSURIA_1,+
HFOV_FUGAS_NEO,GLUCOSURIA_2,++
HFOV_FUGAS_NEO,GLUCOSURIA_3,+++
HFOV_FUGAS_NEO,GLUCOSURIA_4,Otro (especificar)
HFOV_FUGAS_NEO,GLUCOSURIA_5,-
HFOV_IE_NEO,GLUCOSURIA_NEO_1,-
HFOV_IE_NEO,GLUCOSURIA_NEO_2,+
HFOV_IE_NEO,GLUCOSURIA_NEO_3,++
HFOV_IE_NEO,GLUCOSURIA_NEO_4,+++
HFOV_IE_NEO,GLUCOSURIA_NEO_5,Otro (especificar)
HTT_DIS,HDI_ANTICOAG_1,Sin anticoagulación
HTT_DIS,HDI_ANTICOAG_2,Heparina sódica
HTT_DIS,HDI_ANTICOAG_3,Heparina BPM
HTT_DIS,HDI_ANTICOAG_4,Otro (especificar)
HTT_FASE_NEO,HDI_CON   _1,Bibag BHD 3 A1
HTT_FASE_NEO,HDI_CON   _2,Bibag BHD 3 A2
HTT_FASE_NEO,HDI_CON   _3,Bibag BHD A4
HTT_FASE_NEO,HDI_CON   _4,Bicarbonato en polvo
HTT_FASE_NEO,HDI_CON   _5,Bicarbonato líquido
HTT_FASE_NEO,HDI_CON   _6,Otro (especificar)
HTT_TEMP_CAL,HDI_DIAL_1,FX 50
HTT_TEMP_CAL,HDI_DIAL_2,FX 60
HTT_TEMP_CAL,HDI_DIAL_3,FX 80
HTT_TEMP_CAL,HDI_DIAL_4,BLS
HTT_TEMP_CAL,HDI_DIAL_5,Otro (especificar)
HTT_TEMP_OB_NEO,HDI_DIS_1,Fresenius 4008
HTT_TEMP_OB_NEO,HDI_DIS_2,Fresenius 5008
HTT_TEMP_OB_NEO,HDI_DIS_3,Otro (especificar)
HTT_Tª_OB,VNI_INTERFA_NEO_1,Mascarilla nasal
HTT_Tª_OB,VNI_INTERFA_NEO_2,Prongs nasales
HTT_Tª_OB,VNI_INTERFA_NEO_3,RAM
HTT_Tª_OB,VNI_INTERFA_NEO_4,Otro (especificar)
IET_MODO_NEO,HEMATURIA_1,+
IET_MODO_NEO,HEMATURIA_2,++
IET_MODO_NEO,HEMATURIA_3,+++
IET_MODO_NEO,HEMATURIA_4,Otro (especificar)
IET_MODO_NEO,HEMATURIA_5,-
IEVLW_OP,HEMATURIA_NEO_1,-
IEVLW_OP,HEMATURIA_NEO_2,+
IEVLW_OP,HEMATURIA_NEO_3,++
IEVLW_OP,HEMATURIA_NEO_4,+++
IEVLW_OP,HEMATURIA_NEO_5,Otro (especificar)
IGEDV_OP,HEMORROIDES_1,Ausencia
IGEDV_OP,HEMORROIDES_2,Presencia
IGEDV_OP,HEMORROIDES_3,Otro (especificar)
IITBV_OP,HEPTEM_1,Reducción CT >20%
IITBV_OP,HEPTEM_2,Reducción CT <20%
IITBV_OP,HEPTEM_3,Otro (especificar)
IMPELLA_DIS,POS_PATNR_HILL_1,Sentado
IMPELLA_DIS,POS_PATNR_HILL_2,Decúbito supino
IMPELLA_DIS,POS_PATNR_HILL_3,Decúbito prono
IMPELLA_DIS,POS_PATNR_HILL_4,Decúbito lateral derecho
IMPELLA_DIS,POS_PATNR_HILL_5,Decúbito lateral izquierdo
IMPELLA_DIS,POS_PATNR_HILL_6,Trendelembru
IMPELLA_DIS,POS_PATNR_HILL_7,AntiTrendelemburg
IMPELLA_DIS,POS_PATNR_HILL_8,Otro (especificar)
INCU_POS_NEO,HFOV_DIS_NEO_1,Fabian HFO
INCU_POS_NEO,HFOV_DIS_NEO_2,SLE 5000
INCU_POS_NEO,HFOV_DIS_NEO_3,VN500
INCU_POS_NEO,HFOV_DIS_NEO_4,Babylog 8000
INCU_POS_NEO,HFOV_DIS_NEO_5,Otro (especificar)
INTEM_Alpha,HFOV_IE_NEO_1,1:01
INTEM_Alpha,HFOV_IE_NEO_2,1:02
INTEM_Alpha,HFOV_IE_NEO_3,Otro (especificar)
IRVP_TC,HTT_DIS_1,ArticSun
IRVP_TC,HTT_DIS_2,Otro (especificar)
IRVP_TC,HTT_DIS_3,CoolGard
IRVS_OP,HTT_DIS_NEO_1,Tecotherm Neo
IRVS_OP,HTT_DIS_NEO_2,Tecotherm TSmed200N
IRVS_OP,HTT_DIS_NEO_3,Otro (especificar)
IRVS_TC,HTT_FASE_1,Enfriamiento
IRVS_TC,HTT_FASE_2,Calentamiento
IRVS_TC,HTT_FASE_3,Estacionaria
IRVS_TC,HTT_FASE_4,Otro (especificar)
IRVS_TP,HTT_FASE_NEO_1,Enfriamiento
IRVS_TP,HTT_FASE_NEO_2,Calentamiento
IRVS_TP,HTT_FASE_NEO_3,Estacionaria
IRVS_TP,HTT_FASE_NEO_4,Otro (especificar)
LAF_HUM_NEO,HUM_TIPO_NEO_1,Ausente
LAF_HUM_NEO,HUM_TIPO_NEO_2,Pasiva
LAF_HUM_NEO,HUM_TIPO_NEO_3,Activa
LAF_HUM_NEO,HUM_TIPO_NEO_4,Otro (especificar)
LIBRE_PORCENTAJ,IET_MODO_NEO_1,Laringoscopia clásica
LIBRE_PORCENTAJ,IET_MODO_NEO_2,InfantView-Acrutronic(R)
LIBRE_PORCENTAJ,IET_MODO_NEO_3,Otro (especificar)
LIBRE_PORCENTAJ,IET_MODO_NEO_4,GlideScope Go
LIN_VOL,INC_TOAB_1,Presente
LIN_VOL,INC_TOAB_2,Ausente
LIN_VOL,INC_TOAB_3,Otro (especificar)
LIPASA,INCU_DIS_NEO_1,Draeger C100
LIPASA,INCU_DIS_NEO_2,Draeger C2000
LIPASA,INCU_DIS_NEO_3,Draeger I8000
LIPASA,INCU_DIS_NEO_4,DO Giraffe
LIPASA,INCU_DIS_NEO_5,DO Omnibed
LIPASA,INCU_DIS_NEO_6,Otro (especificar)
LIPASA,INCU_DIS_NEO_7,C2HS-1C
LONGITUD_NEO,INCU_POS_NEO_1,0
LONGITUD_NEO,INCU_POS_NEO_2,15
LONGITUD_NEO,INCU_POS_NEO_3,30
LONGITUD_NEO,INCU_POS_NEO_4,45
LONGITUD_NEO,INCU_POS_NEO_5,Otro (especificar)
LONGITUD_NEO,INCU_POS_NEO_6,12
NEURO_EC,LAF_DIAM_NEO_1,OF-prematuro (rojo)
NEURO_EC,LAF_DIAM_NEO_2,OF-neonatal (amarillo)
NEURO_EC,LAF_DIAM_NEO_3,V-prematuro (azul)
NEURO_EC,LAF_DIAM_NEO_4,V-neonato (verde)
NEURO_EC,LAF_DIAM_NEO_5,Otros (especificar)
NEWS,LAF_DIS_NEO_1,Optiflow junior
NEWS,LAF_DIS_NEO_2,Vapotherm
NEWS,LAF_DIS_NEO_3,Fabian
NEWS,LAF_DIS_NEO_4,Otros (especificar)
NEWS,LAF_DIS_NEO_5,InfantFlow
NEWS_2_MS,LAF_HUM_NEO_1,Ausente
NEWS_2_MS,LAF_HUM_NEO_2,Activa
NEWS_2_MS,LAF_HUM_NEO_3,Otro (especificar)
NIH_CON,LEUCOCITURI_NEO_1,-
NIH_CON,LEUCOCITURI_NEO_2,+
NIH_CON,LEUCOCITURI_NEO_3,++
NIH_CON,LEUCOCITURI_NEO_4,+++
NIH_CON,LEUCOCITURI_NEO_5,Otro (especificar)
NIH_CV,LEUCOCITURIA_2,+
NIH_CV,LEUCOCITURIA_3,++
NIH_CV,LEUCOCITURIA_4,+++
NIH_CV,LEUCOCITURIA_5,Otro (especificar)
NIH_LENGUAJE,LIBRE_SI_NO_1,Sí
NIH_LENGUAJE,LIBRE_SI_NO_2,No
NIH_PARESIA_ESD,LIQ_BIO_MUESTRA_1,Líquido pleural
NIH_PARESIA_ESD,LIQ_BIO_MUESTRA_2,Líquido pericárdico
NIH_PARESIA_ESD,LIQ_BIO_MUESTRA_3,Ascitis
NIH_PARESIA_ESD,LIQ_BIO_MUESTRA_4,Líquido articular
NIH_PARESIA_ESD,LIQ_BIO_MUESTRA_5,Aspirado gástrico
NIH_PARESIA_ESD,LIQ_BIO_MUESTRA_6,Otro (especificar)
NIH_PARESIA_FAC,LLENADO_CAP_01,Normal (= 2 s)
NIH_PARESIA_FAC,LLENADO_CAP_02,Disminuido (=3 s)
NIH_PARESIA_FAC,LLENADO_CAP_03,No valorable
NIH_PARESIA_FAC,LLENADO_CAP_04,Otro (especificar)
NIH_SENSIB,LLENADO_CAP_NEO_10,Normal (menor o igual 2 s)
NIH_SENSIB,LLENADO_CAP_NEO_11,Disminuido (mayor o igual 3 s)
NIH_SENSIB,LLENADO_CAP_NEO_12,No valorable
NIH_SENSIB,LLENADO_CAP_NEO_13,Otro (especificar)
NIPE_NEO,LOQUIOS_1,Fisiològics
NIPE_NEO,LOQUIOS_2,Malolents
NIPE_NEO,LOQUIOS_3,Otro (especificar)
NITRITO_ORINA,MANTA_TERM_1,Inactiva
NITRITO_ORINA,MANTA_TERM_2,Activa
NITRITO_ORINA,MANTA_TERM_3,Otro(especificar)
NITRITO_ORI_NEO,MANTA_TERM_TEMP_1,Baja
NITRITO_ORI_NEO,MANTA_TERM_TEMP_2,Mediana
NITRITO_ORI_NEO,MANTA_TERM_TEMP_3,Alta
NITRITO_ORI_NEO,MANTA_TERM_TEMP_4,Otro(especificar)
NO_DIS,MAREOS_1,Ausencia
NO_DIS,MAREOS_2,Presencia
NO_DIS,MAREOS_3,Otro (especificar)
NO_FIO2,MCP_BATERIA_1,Cargada
NO_FIO2,MCP_BATERIA_2,Baja
NO_FIO2,MCP_BATERIA_3,No valorable
NO_FIO2,MCP_BATERIA_4,Otro (especificar)
NO_NO,MCP_DIS_1,Epicárdico
NO_NO,MCP_DIS_2,Endovenoso
NO_NO,MCP_DIS_3,Transcutáneo
NO_NO,MCP_DIS_4,Otro (especificar)
NO_NO2_NEO,MCP_MOD_1,DDD
NO_NO2_NEO,MCP_MOD_2,VVI
NO_NO2_NEO,MCP_MOD_3,VOO
NO_NO2_NEO,MCP_MOD_4,AAI
NO_NO2_NEO,MCP_MOD_5,AOO
NO_NO2_NEO,MCP_MOD_6,Otro (especificar)
NO_NO2_NEO,MCP_MOD_7,VDD
O2_Q_NEO,MUS_ACC_1,Presente
O2_Q_NEO,MUS_ACC_2,Ausente
O2_Q_NEO,MUS_ACC_3,Otro (especificar)
OXIGEN,NAUS_VOM_1,Si
OXIGEN,NAUS_VOM_2,No
OXIGEN,NAUS_VOM_3,No valorable
OXIGEN,NAUS_VOM_4,Otro (especificar)
PAD_D,NAUSEAS_1,Ausencia
PAD_D,NAUSEAS_2,Presencia
PAD_D,NAUSEAS_3,Otro (especificar)
PAD_M,NEB_DIS_1,Ausente
PAD_M,NEB_DIS_2,Neumático
PAD_M,NEB_DIS_3,Ultrasónico
PAD_M,NEB_DIS_4,Otro (especificar)
PAD_S,NEB_O2_AIR_1,Oxígeno
PAD_S,NEB_O2_AIR_2,Aire
PAD_S,NEB_O2_AIR_3,Mezcla
PAD_S,NEB_O2_AIR_4,Otro (especificar)
PANI_M_NEO,NIH_ATAXIA_1,0
PANI_M_NEO,NIH_ATAXIA_2,1
PANI_M_NEO,NIH_ATAXIA_3,2
PANI_S,NIH_CON_1,0
PANI_S,NIH_CON_2,1
PANI_S,NIH_CON_3,2
PANI_S,NIH_CON_4,3
PANI_S_NEO,NIH_CV_1,0
PANI_S_NEO,NIH_CV_2,1
PANI_S_NEO,NIH_CV_3,2
PANI_S_NEO,NIH_CV_4,3
PAP_D,NIH_DISARTRIA_1,0
PAP_D,NIH_DISARTRIA_2,1
PAP_D,NIH_DISARTRIA_3,2
PAP_D,NIH_DISARTRIA_4,X
PAP_M,NIH_EXT_NEGL_1,0
PAP_M,NIH_EXT_NEGL_2,1
PAP_M,NIH_EXT_NEGL_3,2
PAP_S,NIH_LENGUAJE_1,0
PAP_S,NIH_LENGUAJE_2,1
PAP_S,NIH_LENGUAJE_3,2
PAP_S,NIH_LENGUAJE_4,3
PA_D,NIH_MIRADA_1,0
PA_D,NIH_MIRADA_2,1
PA_D,NIH_MIRADA_3,2
PA_D_NEO,NIH_MOT_1,0
PA_D_NEO,NIH_MOT_2,1
PA_D_NEO,NIH_MOT_3,2
PA_M,NIH_PARESIA_EID_1,0
PA_M,NIH_PARESIA_EID_2,1
PA_M,NIH_PARESIA_EID_3,2
PA_M,NIH_PARESIA_EID_4,3
PA_M,NIH_PARESIA_EID_5,4
PA_M,NIH_PARESIA_EID_6,X
PA_M_NEO,NIH_PARESIA_EII_1,0
PA_M_NEO,NIH_PARESIA_EII_2,1
PA_M_NEO,NIH_PARESIA_EII_3,2
PA_M_NEO,NIH_PARESIA_EII_4,3
PA_M_NEO,NIH_PARESIA_EII_5,4
PA_M_NEO,NIH_PARESIA_EII_6,X
PA_S,NIH_PARESIA_ESD_1,0
PA_S,NIH_PARESIA_ESD_2,1
PA_S,NIH_PARESIA_ESD_3,2
PA_S,NIH_PARESIA_ESD_4,3
PA_S,NIH_PARESIA_ESD_5,4
PA_S,NIH_PARESIA_ESD_6,X
PA_S_NEO,NIH_PARESIA_ESI_1,0
PA_S_NEO,NIH_PARESIA_ESI_2,1
PA_S_NEO,NIH_PARESIA_ESI_3,2
PA_S_NEO,NIH_PARESIA_ESI_4,3
PA_S_NEO,NIH_PARESIA_ESI_5,4
PA_S_NEO,NIH_PARESIA_ESI_6,X
PcCO2,NIH_PARESIA_FAC_1,0
PcCO2,NIH_PARESIA_FAC_2,1
PcCO2,NIH_PARESIA_FAC_3,2
PcCO2,NIH_PARESIA_FAC_4,3
PcCO2_NEO,NIH_SENSIB_1,0
PcCO2_NEO,NIH_SENSIB_2,1
PcCO2_NEO,NIH_SENSIB_3,2
PCO2,NIH_VER_1,0
PCO2,NIH_VER_2,1
PCO2,NIH_VER_3,2
PEAK-FLOW_ESP,NITRITO_ORI_NEO_1,-
PEAK-FLOW_ESP,NITRITO_ORI_NEO_2,+
PEAK-FLOW_ESP,NITRITO_ORI_NEO_3,++
PEAK-FLOW_ESP,NITRITO_ORI_NEO_4,+++
PEAK-FLOW_ESP,NITRITO_ORI_NEO_5,Otro (especificar)
PERIM_ABD,NITRITO_ORINAQ_1,-
PERIM_ABD,NITRITO_ORINAQ_2,+
PERIM_ABD,NITRITO_ORINAQ_3,++
PERIM_ABD,NITRITO_ORINAQ_4,+++
PERIM_ABD,NITRITO_ORINAQ_5,Otro (especificar)
PERIM_ABD_NEO,NO_DIS_1,Niox
PERIM_ABD_NEO,NO_DIS_2,Otro (especificar)
PERIM_CRANEAL,NO_DIS_NEO_1,Niox
PERIM_CRANEAL,NO_DIS_NEO_2,Otro (especificar)
PERI_CRAN_NEO,NSRAS_NEO_1,>17 Riesgo bajo
PERI_CRAN_NEO,NSRAS_NEO_2,13-17 Riesgo moderado
PERI_CRAN_NEO,NSRAS_NEO_3,<13 Riesgo elevado
PERI_CRAN_NEO,NSRAS_NEO_4,No valorable
PERI_CRAN_NEO,NSRAS_NEO_5,Otro (especificar)
PESO,O2_DIS_1,Gafas nasales
PESO,O2_DIS_2,Mascarilla Venturi
PESO,O2_DIS_3,Mascarilla reservorio
PESO,O2_DIS_4,Gafas alto flujo
PESO,O2_DIS_5,Otro (especificar)
PESO,O2_DIS_6,No requiere
PESO_NEO,O2_DIS_NEO_1,Gafas nasales
PESO_NEO,O2_DIS_NEO_2,Incubadora
PESO_NEO,O2_DIS_NEO_3,No requiere
PESO_NEO,O2_DIS_NEO_4,Otro (especificar)
pH,O2_HUM_1,Ausente
pH,O2_HUM_2,Pasiva
pH,O2_HUM_3,Activa
pH,O2_HUM_4,Otro (especificar)
pH_LIQ_BIOL,O2_HUM_NEO_1,Ausente
pH_LIQ_BIOL,O2_HUM_NEO_2,Pasiva
pH_LIQ_BIOL,O2_HUM_NEO_3,Activa
pH_LIQ_BIOL,O2_HUM_NEO_4,Otro (especificar)
PIA,OMBL_NEO_1,Normal
PIA,OMBL_NEO_2,Húmedo
PIA,OMBL_NEO_3,Maloliente
PIC_EP_MEDIAL,OP_TP_PLT_DIS_1,GEV-1000
PIC_EP_MEDIAL,OP_TP_PLT_DIS_2,Pulsioflex
PIC_EP_MEDIAL,OP_TP_PLT_DIS_3,Vigileo
PIC_EP_MEDIAL,OP_TP_PLT_DIS_4,PiCCO
PIC_EP_MEDIAL,OP_TP_PLT_DIS_5,LidCo Rapid
PIC_EP_MEDIAL,OP_TP_PLT_DIS_6,Pronto-7
PIC_EP_MEDIAL,OP_TP_PLT_DIS_7,Otro (especificar)
PIC_IP_D,OXIGEN_1,Si
PIC_IP_D,OXIGEN_2,No
POS_PATNR_HILL,VNI_MOD_1,CPAP
POS_PATNR_HILL,VNI_MOD_2,BiPAP
POS_PATNR_HILL,VNI_MOD_3,PEEP
POS_PATNR_HILL,VNI_MOD_4,PEEP+PA
POS_PATNR_HILL,VNI_MOD_5,Otro (especificar)
PULSIOX,PERD_LIQ_AMNIO_1,Ausencia
PULSIOX,PERD_LIQ_AMNIO_2,Escasa
PULSIOX,PERD_LIQ_AMNIO_3,Abundante
PULSIOX,PERD_LIQ_AMNIO_4,Otro (especificar)
PULSO_APOD,PERINE_1,Normal
PULSO_APOD,PERINE_2,Edema
PULSO_APOD,PERINE_3,Equimosis
PULSO_APOD,PERINE_4,Hematoma
PULSO_APOD,PERINE_5,Dehiscencia
PULSO_APOD,PERINE_6,Infección
PULSO_APOD,PERINE_7,Otro (especificar)
QRH_TADMI_FARM3,POS_PACIENTE_1,Sentado
QRH_TADMI_FARM3,POS_PACIENTE_10,Decúbito prono
QRH_TADMI_FARM3,POS_PACIENTE_2,Incorporado
QRH_TADMI_FARM3,POS_PACIENTE_3,Decúbito
QRH_TADMI_FARM3,POS_PACIENTE_4,Decúbito lateral derecho
QRH_TADMI_FARM3,POS_PACIENTE_5,Decúbito lateral izquierdo
QRH_TADMI_FARM3,POS_PACIENTE_6,Trendelembrug
QRH_TADMI_FARM3,POS_PACIENTE_7,AntiTrendelemburg
QRH_TADMI_FARM3,POS_PACIENTE_8,Otro (especificar)
QRH_TADMI_FARM3,POS_PACIENTE_9,Decúbito supino
REL_PUP,POS_PATNR_NEO_1,Decúbito supino
REL_PUP,POS_PATNR_NEO_2,Decúbito prono
REL_PUP,POS_PATNR_NEO_3,Decúbito lateral derecho
REL_PUP,POS_PATNR_NEO_4,Decúbito lateral izquierdo
REL_PUP,POS_PATNR_NEO_5,AntiTrendelemburg
REL_PUP,POS_PATNR_NEO_6,Otro (especificar)
RVS_TP,PRIM_DEAMB_1,Si
RVS_TP,PRIM_DEAMB_2,No
RVS_TP,PRIM_DEAMB_3,No valorable
RVS_TP,PRIM_DEAMB_4,Otro (especificar)
SANGRE_MUESTRA,PROTEINURIA_1,+
SANGRE_MUESTRA,PROTEINURIA_2,++
SANGRE_MUESTRA,PROTEINURIA_3,+++
SANGRE_MUESTRA,PROTEINURIA_4,Otro (especificar)
SANGRE_MUESTRA,PROTEINURIA_5,-
SAN_MUESTRA_NEO,PROTEINURIA_NEO_1,-
SAN_MUESTRA_NEO,PROTEINURIA_NEO_2,+
SAN_MUESTRA_NEO,PROTEINURIA_NEO_3,++
SAN_MUESTRA_NEO,PROTEINURIA_NEO_4,+++
SAN_MUESTRA_NEO,PROTEINURIA_NEO_5,Otro (especificar)
SEDACION_RAMSAY,PULSO_ACD_1,Normal
SEDACION_RAMSAY,PULSO_ACD_2,Disminuido
SEDACION_RAMSAY,PULSO_ACD_3,Ausente
SEDACION_RAMSAY,PULSO_ACD_4,Aumentado
SEDACION_RAMSAY,PULSO_ACD_5,Otro (especificar)
SEDACION_RASS,PULSO_ACI_1,Normal
SEDACION_RASS,PULSO_ACI_2,Disminuido
SEDACION_RASS,PULSO_ACI_3,Ausente
SEDACION_RASS,PULSO_ACI_4,Aumentado
SEDACION_RASS,PULSO_ACI_5,Otro (especificar)
SEDLINE_TS,PULSO_AFD_1,Normal
SEDLINE_TS,PULSO_AFD_2,Disminuido
SEDLINE_TS,PULSO_AFD_3,Ausente
SEDLINE_TS,PULSO_AFD_4,Aumentado
SEDLINE_TS,PULSO_AFD_5,Otro (especificar)
SENG_POS,PULSO_AFI_1,Normal
SENG_POS,PULSO_AFI_2,Disminuido
SENG_POS,PULSO_AFI_3,Ausente
SENG_POS,PULSO_AFI_4,Aumentado
SENG_POS,PULSO_AFI_5,Otro (especificar)
SENG_PRES,PULSO_AHD_1,Normal
SENG_PRES,PULSO_AHD_2,Disminuido
SENG_PRES,PULSO_AHD_3,Ausente
SENG_PRES,PULSO_AHD_4,Aumentado
SENG_PRES,PULSO_AHD_5,Otro (especificar)
SENS_EID,PULSO_AHI_1,Normal
SENS_EID,PULSO_AHI_2,Disminuido
SENS_EID,PULSO_AHI_3,Ausente
SENS_EID,PULSO_AHI_4,Aumentado
SENS_EID,PULSO_AHI_5,Otro (especificar)
SENS_EII,PULSO_APED_1,Normal
SENS_EII,PULSO_APED_2,Disminuido
SENS_EII,PULSO_APED_3,Ausente
SENS_EII,PULSO_APED_4,Aumentado
SENS_EII,PULSO_APED_5,Otro (especificar)
SENS_ESD,PULSO_APEI_1,Normal
SENS_ESD,PULSO_APEI_2,Disminuido
SENS_ESD,PULSO_APEI_3,Ausente
SENS_ESD,PULSO_APEI_4,Aumentado
SENS_ESD,PULSO_APEI_5,Otro (especificar)
SENS_ESI,PULSO_APOD_1,Normal
SENS_ESI,PULSO_APOD_2,Disminuido
SENS_ESI,PULSO_APOD_3,Ausente
SENS_ESI,PULSO_APOD_4,Aumentado
SENS_ESI,PULSO_APOD_5,Otro (especificar)
SILVERMAN_NEO,PULSO_APOI_1,Normal
SILVERMAN_NEO,PULSO_APOI_2,Disminuido
SILVERMAN_NEO,PULSO_APOI_3,Ausente
SILVERMAN_NEO,PULSO_APOI_4,Aumentado
SILVERMAN_NEO,PULSO_APOI_5,Otro (especificar)
SO2,PULSO_ARD_1,Normal
SO2,PULSO_ARD_2,Disminuido
SO2,PULSO_ARD_3,Ausente
SO2,PULSO_ARD_4,Aumentado
SO2,PULSO_ARD_5,Otro (especificar)
SO2_NEO,PULSO_ARI_1,Normal
SO2_NEO,PULSO_ARI_2,Disminuido
SO2_NEO,PULSO_ARI_3,Ausente
SO2_NEO,PULSO_ARI_4,Aumentado
SO2_NEO,PULSO_ARI_5,Otro (especificar)
SOFA,PULSO_ATD_1,Normal
SOFA,PULSO_ATD_2,Disminuido
SOFA,PULSO_ATD_3,Ausente
SOFA,PULSO_ATD_4,Aumentado
SOFA,PULSO_ATD_5,Otro (especificar)
SPO2_EID,PULSO_ATI_1,Normal
SPO2_EID,PULSO_ATI_2,Disminuido
SPO2_EID,PULSO_ATI_3,Ausente
SPO2_EID,PULSO_ATI_4,Aumentado
SPO2_EID,PULSO_ATI_5,Otro (especificar)
SPO2_EII,PULSO_AXD_1,Normal
SPO2_EII,PULSO_AXD_2,Disminuido
SPO2_EII,PULSO_AXD_3,Ausente
SPO2_EII,PULSO_AXD_4,Aumentado
SPO2_EII,PULSO_AXD_5,Otro (especificar)
SpO2_NEO,PULSO_AXI_1,Normal
SpO2_NEO,PULSO_AXI_2,Disminuido
SpO2_NEO,PULSO_AXI_3,Ausente
SpO2_NEO,PULSO_AXI_4,Aumentado
SpO2_NEO,PULSO_AXI_5,Otro (especificar)
SRCO2_IZQ,QRH_CIRCUIT_CAL_1,Otro (especificar)
STO2_EID,QRH_CIRCUIT_TIP_1,Otro (especificar)
STO2_EII,QRH_DIS_1,Otro (especificar)
SVO2 ,VNI_DIS_1,Vision
SVO2 ,VNI_DIS_2,V60
SVO2 ,VNI_DIS_3,Servo-i
SVO2 ,VNI_DIS_4,Evita-XL
SVO2 ,VNI_DIS_5,V500
SVO2 ,VNI_DIS_6,Otro (especificar)
SVO2 ,VNI_DIS_7,Carina
SVO2 ,VNI_DIS_8,Servo-U
SVO2 ,VNI_DIS_9,V800
TCSR_CA_SOL,REHAB_1,Supino
TCSR_CA_SOL,REHAB_2,Bipedestación
TCSR_CA_SOL,REHAB_3,Supino + Bipedestación
TCSR_CA_SOL,REHAB_4,No aplica
TCSR_CIT_DOS,REL_PUP_1,Isocóricas
TCSR_CIT_DOS,REL_PUP_2,Anisocóricas
TCSR_CIT_DOS,REL_PUP_3,Discóricas
TCSR_CIT_DOS,REL_PUP_4,Otro (especificar)
TCSR_CIT_Q,REL_PUP_NEO_1,Isocóricas
TCSR_CIT_Q,REL_PUP_NEO_2,Anisocóricas
TCSR_CIT_Q,REL_PUP_NEO_3,Discóricas
TCSR_CIT_Q,REL_PUP_NEO_4,Otro (especificar)
TCSR_DIAL_SOL,ROTS_1,Normoreflexia
TCSR_DIAL_SOL,ROTS_2,Hiporeflexia
TCSR_DIAL_SOL,ROTS_3,Abolidos
TCSR_DIAL_SOL,ROTS_4,Hiperreflexia
TCSR_DIAL_SOL,ROTS_5,Otro (especificar)
TCSR_HEP_Q,SAN_MUESTRA_NEO_1,Arterial
TCSR_HEP_Q,SAN_MUESTRA_NEO_2,Venosa
TCSR_HEP_Q,SAN_MUESTRA_NEO_3,Capilar
TCSR_HEP_Q,SAN_MUESTRA_NEO_4,Cordón arteria umbilical
TCSR_HEP_Q,SAN_MUESTRA_NEO_5,Cordón vena umbilical
TCSR_HEP_Q,SAN_MUESTRA_NEO_6,Otro (especificar)
TCSR_MOD,SANGRADO_VAGINA_1,Ausencia
TCSR_MOD,SANGRADO_VAGINA_2,Escasa
TCSR_MOD,SANGRADO_VAGINA_3,Abundante
TCSR_MOD,SANGRADO_VAGINA_4,Otro (especificar)
TCSR_PRE_POST,SANGRE_MUESTRA_1,Arterial
TCSR_PRE_POST,SANGRE_MUESTRA_2,Venosa
TCSR_PRE_POST,SANGRE_MUESTRA_3,Capilar
TCSR_PRE_POST,SANGRE_MUESTRA_4,Venosa central
TCSR_PRE_POST,SANGRE_MUESTRA_5,Venosa mixta
TCSR_PRE_POST,SANGRE_MUESTRA_6,Otro (especificar)
TCSR_REP_Q,5,5
TCSR_REP_Q,6,6
TCSR_REP_Q,SEDACION_RAMSAY_7,No valorable
TCSR_REP_Q,SEDACION_RAMSAY_8,Otro (especificar)
TCSR_REP_SOL,SEDACION_RASS_1,-5
TCSR_REP_SOL,SEDACION_RASS_10,4
TCSR_REP_SOL,SEDACION_RASS_11,No valorable
TCSR_REP_SOL,SEDACION_RASS_12,Otro (especificar)
TCSR_REP_SOL,SEDACION_RASS_2,-4
TCSR_REP_SOL,SEDACION_RASS_3,-3
TCSR_REP_SOL,SEDACION_RASS_4,-2
TCSR_REP_SOL,SEDACION_RASS_5,-1
TCSR_REP_SOL,SEDACION_RASS_6,0
TCSR_REP_SOL,SEDACION_RASS_7,1
TCSR_REP_SOL,SEDACION_RASS_8,2
TCSR_REP_SOL,SEDACION_RASS_9,3
TEMP_AX,SENS_EID_1,Normal
TEMP_AX,SENS_EID_2,Hipoestesia
TEMP_AX,SENS_EID_3,Anestesia
TEMP_AX,SENS_EID_4,Hiperestesia
TEMP_AX,SENS_EID_5,Otro (especificar)
TEMP_AXI,SENS_EII_1,Normal
TEMP_AXI,SENS_EII_2,Hipoestesia
TEMP_AXI,SENS_EII_3,Anestesia
TEMP_AXI,SENS_EII_4,Hiperestesia
TEMP_AXI,SENS_EII_5,Otro (especificar)
TEMP_AX_NEO,SENS_ESD_1,Normal
TEMP_AX_NEO,SENS_ESD_2,Hipoestesia
TEMP_AX_NEO,SENS_ESD_3,Anestesia
TEMP_AX_NEO,SENS_ESD_4,Hiperestesia
TEMP_AX_NEO,SENS_ESD_5,Otro (especificar)
TEMP_BU,SENS_ESI_1,Normal
TEMP_BU,SENS_ESI_2,Hipoestesia
TEMP_BU,SENS_ESI_3,Anestesia
TEMP_BU,SENS_ESI_4,Hiperestesia
TEMP_BU,SENS_ESI_5,Otro (especificar)
TEMP_CE,SILVERMAN_NEO_1,0
TEMP_CE,SILVERMAN_NEO_10,9
TEMP_CE,SILVERMAN_NEO_11,10
TEMP_CE,SILVERMAN_NEO_12,No valorable
TEMP_CE,SILVERMAN_NEO_13,Otro (especificar)
TEMP_CE,SILVERMAN_NEO_14,Sin dif. resp: 0
TEMP_CE,SILVERMAN_NEO_15,Con dif. resp leve: 1- 3
TEMP_CE,SILVERMAN_NEO_16,Con dif. resp mod: 4- 6
TEMP_CE,SILVERMAN_NEO_17,Con dif. resp grave: 7- 10
TEMP_CE,SILVERMAN_NEO_18,No valorable
TEMP_CE,SILVERMAN_NEO_2,1
TEMP_CE,SILVERMAN_NEO_3,2
TEMP_CE,SILVERMAN_NEO_4,3
TEMP_CE,SILVERMAN_NEO_5,4
TEMP_CE,SILVERMAN_NEO_6,5
TEMP_CE,SILVERMAN_NEO_7,6
TEMP_CE,SILVERMAN_NEO_8,7
TEMP_CE,SILVERMAN_NEO_9,8
TEMP_SERVO_NEO,SrcO2_DISP_NEO_1,Invos
TEMP_SERVO_NEO,SrcO2_DISP_NEO_2,Niro
TEMP_SERVO_NEO,SrcO2_DISP_NEO_3,Sensmart
TEMP_SERVO_NEO,SrcO2_DISP_NEO_4,Foresight
TEMP_SERVO_NEO,SrcO2_DISP_NEO_5,Otro (especificar)
TEMP_SERVO_NEO,SrcO2_DISP_NEO_6,Oxyprem
TEMP_SERVO_NEO,SrcO2_DISP_NEO_7,Masimo
TET_BLOQ_LADO,VNI_INTERFACE_1,Nasal
TET_BLOQ_LADO,VNI_INTERFACE_2,Facial
TET_BLOQ_LADO,VNI_INTERFACE_3,Facial completa
TET_BLOQ_LADO,VNI_INTERFACE_4,Otro (especificar)
TET_DIAM,SUPRA_TAM_1,1
TET_DIAM,SUPRA_TAM_2,"1,5"
TET_DIAM,SUPRA_TAM_3,2
TET_DIAM,SUPRA_TAM_4,"2,5"
TET_DIAM,SUPRA_TAM_5,3
TET_DIAM,SUPRA_TAM_6,4
TET_DIAM,SUPRA_TAM_7,5
TET_DIAM,SUPRA_TAM_8,6
TET_DIAM_NEO,SUPRA_TIPO_1,Mascarilla laríngea simple
TET_DIAM_NEO,SUPRA_TIPO_2,Mascarilla laríngea con tubo gástrico
TET_DIAM_NEO,SUPRA_TIPO_3,Mascarilla laríngea de intubación
TET_DIAM_NEO,SUPRA_TIPO_4,Otro (especificar)
TET_DIS,SURF_MODO_NEO_1,IOT
TET_DIS,SURF_MODO_NEO_2,INSURE
TET_DIS,SURF_MODO_NEO_3,MIST
TET_DIS,SURF_MODO_NEO_4,Otros (especificar)
TET_INS_NEO,TC_DIS_1,Monitor
TET_INS_NEO,TC_DIS_2,GEV-1000
TET_INS_NEO,TC_DIS_3,Vigilance
TET_INS_NEO,TC_DIS_4,Otro (especificar)
TET_POS_NEO,TCSR_ANTICOAG_1,Sin anticoagulación
TET_POS_NEO,TCSR_ANTICOAG_2,Heparina sódica
TET_POS_NEO,TCSR_ANTICOAG_3,Heparina sódica sistémica
TET_POS_NEO,TCSR_ANTICOAG_4,HBPM
TET_POS_NEO,TCSR_ANTICOAG_5,Epoprostenol
TET_POS_NEO,TCSR_ANTICOAG_6,Otro (especificar)
TET_POS_NEO,TCSR_ANTICOAG_7,Citrato
TOF_DIS,TCSR_CA_SOL_1,Cloruro de calcio 91 mmol/L
TOF_DIS,TCSR_CA_SOL_2,Otro (especificar)
TROPONINA,TCSR_CIT_SOL_1,Fresenius Kabi Bag
TROPONINA,TCSR_CIT_SOL_2,Prismocitrate 18/0
TROPONINA,TCSR_CIT_SOL_3,Otro (especificar)
TROPONINA,TCSR_CIT_SOL_4,Regiocid
VCE_ESP,TCSR_DIAL_SOL_1,Prismasol 2
VCE_ESP,TCSR_DIAL_SOL_2,MultiBic K3
VCE_ESP,TCSR_DIAL_SOL_3,CiCa K2
VCE_ESP,TCSR_DIAL_SOL_4,Otro (especificar)
VCE_ESP,TCSR_DIAL_SOL_5,Biphozyl
VIA_AEREA_MOD,TCSR_DIS_1,Prismaflex
VIA_AEREA_MOD,TCSR_DIS_2,Multifiltrate
VIA_AEREA_MOD,TCSR_DIS_3,Multifiltrate módulo citrato
VIA_AEREA_MOD,TCSR_DIS_4,Otro (especificar)
VMA_CAM_GH,TCSR_FIL_1,M100
VMA_CAM_GH,TCSR_FIL_2,M150
VMA_CAM_GH,TCSR_FIL_3,AV 600
VMA_CAM_GH,TCSR_FIL_4,AV 1000
VMA_CAM_GH,TCSR_FIL_5,Otro (especificar)
VMA_FEDES,TCSR_MOD_1,Hemofiltración
VMA_FEDES,TCSR_MOD_2,Hemodiafiltración
VMA_FEDES,TCSR_MOD_3,Hemodiálisis
VMA_FEDES,TCSR_MOD_4,SCUF
VMA_FEDES,TCSR_MOD_5,TPE
VMA_FEDES,TCSR_MOD_6,Otro (especificar)
VMA_FIDES,TCSR_PRE_POST_1,Prefiltro
VMA_FIDES,TCSR_PRE_POST_2,Postfiltro
VMA_FIDES,TCSR_PRE_POST_3,Pre+Postfiltro
VMA_MOD,TCSR_REP_SOL_1,Prismasol 2
VMA_MOD,TCSR_REP_SOL_2,MultiBic K3
VMA_MOD,TCSR_REP_SOL_3,Otro (especificar)
VMA_PEEP_ACT,TEM_DIS_1,Rotem
VMA_PEEP_ACT,TEM_DIS_2,TEG
VMA_PEEP_ACT,TEM_DIS_3,Otro (especificar)
VMI_FUGAS_NEO,TEST_EMBARA_ORI_1,Negativo
VMI_FUGAS_NEO,TEST_EMBARA_ORI_2,Positivo
VMI_FUGAS_NEO,TEST_EMBARA_ORI_3,No valorable
VMI_FUGAS_NEO,TEST_EMBARA_ORI_4,Otro (especificar)
VMI_I:E,TET_BLOQ_LADO_1,Derecho
VMI_I:E,TET_BLOQ_LADO_2,Izquierdo
VMI_I:E_NEO,TET_DIAM_1,"2,5"
VMI_I:E_NEO,TET_DIAM_10,7
VMI_I:E_NEO,TET_DIAM_11,"7,5"
VMI_I:E_NEO,TET_DIAM_12,8
VMI_I:E_NEO,TET_DIAM_13,"8,5"
VMI_I:E_NEO,TET_DIAM_14,9
VMI_I:E_NEO,TET_DIAM_15,10
VMI_I:E_NEO,TET_DIAM_16,28DL
VMI_I:E_NEO,TET_DIAM_17,32DL
VMI_I:E_NEO,TET_DIAM_18,35DL
VMI_I:E_NEO,TET_DIAM_19,37DL
VMI_I:E_NEO,TET_DIAM_2,3
VMI_I:E_NEO,TET_DIAM_20,39DL
VMI_I:E_NEO,TET_DIAM_21,41DL
VMI_I:E_NEO,TET_DIAM_22,Otro (especificar)
VMI_I:E_NEO,TET_DIAM_3,"3,5"
VMI_I:E_NEO,TET_DIAM_4,4
VMI_I:E_NEO,TET_DIAM_5,"4,5"
VMI_I:E_NEO,TET_DIAM_6,5
VMI_I:E_NEO,TET_DIAM_7,"5,5"
VMI_I:E_NEO,TET_DIAM_8,6
VMI_I:E_NEO,TET_DIAM_9,"6,5"
VMI_MOD,TET_DIAM_NEO_1,2
VMI_MOD,TET_DIAM_NEO_10,4DL
VMI_MOD,TET_DIAM_NEO_11,Otro (especificar)
VMI_MOD,TET_DIAM_NEO_2,2DL
VMI_MOD,TET_DIAM_NEO_3,"2,5"
VMI_MOD,TET_DIAM_NEO_4,"2,5DL"
VMI_MOD,TET_DIAM_NEO_5,3
VMI_MOD,TET_DIAM_NEO_6,3DL
VMI_MOD,TET_DIAM_NEO_7,"3,5"
VMI_MOD,TET_DIAM_NEO_8,"3,5DL"
VMI_MOD,TET_DIAM_NEO_9,4
VMI_MOD_NEO,TET_DIS_1,TET convencional
VMI_MOD_NEO,TET_DIS_10,Otro (especificar)
VMI_MOD_NEO,TET_DIS_2,TET anillado
VMI_MOD_NEO,TET_DIS_3,TET preformado
VMI_MOD_NEO,TET_DIS_4,Tubo laríngeo
VMI_MOD_NEO,TET_DIS_5,Cricotomía
VMI_MOD_NEO,TET_DIS_6,Traqueostomía
VMI_MOD_NEO,TET_DIS_7,Minitraqueostomía
VMI_MOD_NEO,TET_DIS_8,TET doble luz derecho
VMI_MOD_NEO,TET_DIS_9,TET doble luz izquierdo
VMI_PAUSA_INS,VNI_PRICO_NEO_1,Activado
VMI_PAUSA_INS,VNI_PRICO_NEO_2,Desactivado
VMI_PAUSA_INS,VNI_PRICO_NEO_3,Otros (especificar)
VMI_PAV,TET_DIS_NEO_1,Portex
VMI_PAV,TET_DIS_NEO_2,Vygon
VMI_PAV,TET_DIS_NEO_3,Otro (especificar)
VMI_PCTL,TET_INS_1,Oral
VMI_PCTL,TET_INS_2,Nasal
VMI_PCTL,TET_INS_3,Otro (especificar)
VMI_PEEP,TET_INS_NEO_1,Oral
VMI_PEEP,TET_INS_NEO_2,Nasal
VMI_PEEP,TET_INS_NEO_3,Otro (especificar)
VMI_PEEP_PAUTA,THRILL_FAVI_01,Presente
VMI_PEEP_PAUTA,THRILL_FAVI_02,Ausente
VMI_PEEP_PAUTA,THRILL_FAVI_03,No valorable
VMI_PEEP_PAUTA,THRILL_FAVI_04,Otro (especificar)
VMI_PPI_M_NEO,TOF_DIS_1,NMT
VMI_PPI_M_NEO,TOF_DIS_2,TOFSCAN
VMI_PPI_M_NEO,TOF_DIS_3,Otro (especificar)
VMI_PPI_REA_NEO,TOL_ORT_1,Si
VMI_PPI_REA_NEO,TOL_ORT_2,No
VMI_PPI_REA_NEO,TOL_ORT_3,No valorable
VMI_PPI_REA_NEO,TOL_ORT_4,Otro (especificar)
VMI_PPLAT,TON_MUS_NEO_1,Normal
VMI_PPLAT,TON_MUS_NEO_2,Hipertonía
VMI_PPLAT,TON_MUS_NEO_3,Hipotonía
VMI_PSOP,TRANSILUM_NEO_7,Ausente
VMI_PSOP,TRANSILUM_NEO_8,Neumotórax
VMI_PSOP,TRANSILUM_NEO_9,Otro (especificar)
VMI_RAMPA_INS,VNI_FIJACIO_NEO_1,Gorro
VMI_RAMPA_INS,VNI_FIJACIO_NEO_2,Arnés
VMI_RAMPA_INS,VNI_FIJACIO_NEO_3,Otro (especificar)
VMI_RAW_I_NEO,UPP_CLASIF_NEO_1,I (Eritema no blanqueable)
VMI_RAW_I_NEO,UPP_CLASIF_NEO_2,II (Úlcera de espesor parcial)
VMI_RAW_I_NEO,UPP_CLASIF_NEO_3,III (Pérdida total grosor de la piel)
VMI_RAW_I_NEO,UPP_CLASIF_NEO_4,IV (Pérdida total espesor de tejidos)
VMI_RAW_I_NEO,UPP_CLASIF_NEO_5,No estadiable
VMI_RAW_I_NEO,UPP_CLASIF_NEO_6,Sospecha lesión tejidos profundos
VMI_RAW_I_NEO,UPP_CLASIF_NEO_7,Otro (especificar)
VMI_SIMV_FR_PAU,UROBILINO_ORINA_1,-
VMI_SIMV_FR_PAU,UROBILINO_ORINA_2,+
VMI_SIMV_FR_PAU,UROBILINO_ORINA_3,++
VMI_SIMV_FR_PAU,UROBILINO_ORINA_4,+++
VMI_SIMV_FR_PAU,UROBILINO_ORINA_5,Otro (especificar)
VMI_TRG_INS_NEO,VIA_AER_MOD_NEO_1,Natural
VMI_TRG_INS_NEO,VIA_AER_MOD_NEO_2,Artificial
VMI_TRG_INS_NEO,VIA_AER_MOD_NEO_3,Otro (especificar)
VMI_T_INS,VIA_AEREA_MOD_1,Natural
VMI_T_INS,VIA_AEREA_MOD_2,Artificial
VMI_T_INS,VIA_AEREA_MOD_3,Otro (especificar)
VMI_T_IN_ES_NEO,VMA_DIS_1,Primus
VMI_T_IN_ES_NEO,VMA_DIS_2,Otro (especificar)
VNI_EPAP,VMA_MOD_1,Volumen control
VNI_EPAP,VMA_MOD_2,Presión control
VNI_EPAP,VMA_MOD_3,Presión asistida
VNI_EPAP,VMA_MOD_4,Otro (especificar)
VNI_PPI_NEO,VMI_DIS_1,V500
VNI_PPI_NEO,VMI_DIS_10,Otro (especificar)
VNI_PPI_NEO,VMI_DIS_11,V800
VNI_PPI_NEO,VMI_DIS_12,Servo-U
VNI_PPI_NEO,VMI_DIS_2,Evita-XL
VNI_PPI_NEO,VMI_DIS_3,Evita-4
VNI_PPI_NEO,VMI_DIS_4,Evita-2
VNI_PPI_NEO,VMI_DIS_5,Servo-i
VNI_PPI_NEO,VMI_DIS_6,G5
VNI_PPI_NEO,VMI_DIS_7,Raphael
VNI_PPI_NEO,VMI_DIS_8,PB-840
VNI_PPI_NEO,VMI_DIS_9,Oxylog
VNI_PRICO_NEO,VMI_DIS_NEO_1,VN500
VNI_PRICO_NEO,VMI_DIS_NEO_2,Babylog 8000
VNI_PRICO_NEO,VMI_DIS_NEO_3,SLE 5000
VNI_PRICO_NEO,VMI_DIS_NEO_4,Fabian HFO
VNI_PRICO_NEO,VMI_DIS_NEO_5,Otro (especificar)
VS_OP,VMI_I:E_1,1:03
VS_OP,VMI_I:E_2,1:02
VS_OP,VMI_I:E_3,"01:01,5"
VS_OP,VMI_I:E_4,1:01
VS_OP,VMI_I:E_5,"1,5:1"
VS_OP,VMI_I:E_6,2:01
VS_OP,VMI_I:E_7,Otro (especificar)
VS_TC,VMI_I:E_NEO_1,"1:2,5"
VS_TC,VMI_I:E_NEO_2,1:02
VS_TC,VMI_I:E_NEO_3,"1:1,5"
VS_TC,VMI_I:E_NEO_4,1:01
VS_TC,VMI_I:E_NEO_5,Otro (especificar)
VVS_OP,VMI_MOD_1,Volumen controlado asistido
VVS_OP,VMI_MOD_10,Ventilación proporcional asistida (PAV)
VVS_OP,VMI_MOD_11,Ventilación sincronizada asistida (ASV)
VVS_OP,VMI_MOD_12,Otra (especificar)
VVS_OP,VMI_MOD_2,Volumen controlado
VVS_OP,VMI_MOD_3,Presión controlada asistida
VVS_OP,VMI_MOD_4,Presión controlada
VVS_OP,VMI_MOD_5,Presión soporte
VVS_OP,VMI_MOD_6,SIMV
VVS_OP,VMI_MOD_7,SIMV+PS
VVS_OP,VMI_MOD_8,APRV
VVS_OP,VMI_MOD_9,CPAP/PEEP
WEST_HAVEN,VMI_MOD_NEO_1,AC
WEST_HAVEN,VMI_MOD_NEO_2,AC/VG
WEST_HAVEN,VMI_MOD_NEO_3,PSV
WEST_HAVEN,VMI_MOD_NEO_4,PSV/VG
WEST_HAVEN,VMI_MOD_NEO_5,SIMV
WEST_HAVEN,VMI_MOD_NEO_6,SIMV/VG
WEST_HAVEN,VMI_MOD_NEO_7,SIMV-PSV
WEST_HAVEN,VMI_MOD_NEO_8,Otros (especificar)
