rc_sap_ref,rc_descr,units,rc_ref
ABDOMEN_DIST,DistensiÃ³n abdominal,DescripciÃ³n,10001
ABDO_NEO,Abdomen,DescripciÃ³n,10002
ACR_DIS,Modelo de dispositivo,DescripciÃ³n,10003
ACR_FIO2,FiO2 mezclador,%,10004
ACR_MOD,Modalidad de terapia de oxigenaciÃ³n extracorpÃ³rea,DescripciÃ³n,10005
ACR_O2Q,Flujo de oxÃ­geno,L/min,10006
ACR_OXIGENADOR,Tipo de mÃ³dulo oxigenador,DescripciÃ³n,10007
ACR_PART,PresiÃ³n arterial postmembrana del mÃ³dulo oxigenador,mm Hg,10008
ACR_PVEN,PresiÃ³n venosa premembra del mÃ³dulo oxigenador,mm Hg,10009
ACR_QS,Flujo de sangre,L/min,10010
ACR_RPM,Revoluciones de la bomba centrÃ­fuga de sangre,rpm,10011
ACR_SVO2,SaturaciÃ³n de oxÃ­geno venosa antes del oxigenador (premembrana),%,10012
ACR_TEMP_ART,Temperatura arterial (postmembrana del oxigenador),ÂºCÂ ,10013
ACR_TEMP_VEN,Temperatura venosa (premembrana al oxigenador),ÂºCÂ ,10014
ACTIV_NEO,Actividad,DescripciÃ³n,10015
AC_DIS,Dispositivo utilizado para la asistencia circulatoria,DescripciÃ³n,10016
AC_MOD,Modalidad de asistencia circulatoria,DescripciÃ³n,10017
AC_QS_DER,Flujo de sangre corazÃ³n derecho,L/min,10018
AC_QS_IZQ,Flujo de sangre corazÃ³n izquierdo,L/min,10019
AC_RPM_DER,Revoluciones bomba centrÃ­fuga corazÃ³n derecho,rpm,10020
AC_RPM_IZQ,Revoluciones bomba centrÃ­fuga corazÃ³n izquierdo,rpm,10021
ALDRETE,Escala de Aldrete modificada,PuntuaciÃ³n,10022
ALT_NEU_NEO,Alteraciones neurolÃ³gicas,DescripciÃ³n,10023
ANTI_XA,Actividad anti factor X activado,UI/mL,10024
APACHE_II,ValoraciÃ³n de gravedad del enfermo crÃ­tico,PuntuaciÃ³n,10025
APTEM,Tromboelastometria con correcciÃ³n de la fibrinolisis con aprotinina,DescripciÃ³n,10026
AR_DIS,Dispositivo para realizar asistencia respiratoria extracorporea,DescripciÃ³n,10027
AR_FIO2,FiO2 del mezclador,%,10028
AR_MOD,Modalidad de terapia de oxigenaciÃ³n extracorpÃ³rea,DescripciÃ³n,10029
AR_O2Q,Flujo de oxÃ­geno,L/min,10030
AR_OXIGENADOR,Tipo de mÃ³dulo oxigenador,DescripciÃ³n,10031
AR_PART,PresiÃ³n arterial del mÃ³dulo oxigenador,mm Hg,10032
AR_PVEN,PresiÃ³n venosa del mÃ³dulo oxigenador,mm Hg,10033
AR_QS,Flujo de sangre,mL/min,10034
AR_RPM,Revoluciones de la bomba centrÃ­fuga de sangre,rpm,10035
AR_SVO2,SaturaciÃ³n de oxÃ­geno antes del oxigenador (prefiltro),%,10036
AR_TEMP_ART,Temperatura arterial (eferente del oxigenador),ÂºCÂ ,10037
AR_TEMP_VEN,Temperatura venosa (aferente al oxigenador),ÂºCÂ ,10038
ASIA_DOLOR_DER,Nivel algÃ©sico derecho. Segmento mÃ¡s caudal de la mÃ©dula espinal con funciÃ³n algÃ©sica normal,DescripciÃ³n,10039
ASIA_DOLOR_IZQ,Nivel algÃ©sico izquierdo. Segmento mÃ¡s caudal de la mÃ©dula espinal con funciÃ³n algÃ©sica normaL,DescripciÃ³n,10040
ASIA_GRADO,Grado de lesiÃ³n medular,DescripciÃ³n,10041
ASIA_MEDULAR,LesiÃ³n medular presente completa o incompleta,DescripciÃ³n,10042
ASIA_MOTOR_DER,Nivel motor derecho. Segmento mÃ¡s caudal de la mÃ©dula espinal con funciÃ³n motora ? 3/5,DescripciÃ³n,10043
ASIA_MOTOR_IZQ,Nivel motor izquierdo. Segmento mÃ¡s caudal de la mÃ©dula espinal con funciÃ³n motora ? 3/5,DescripciÃ³n,10044
ASIA_SENS_ANO,Sensibilidad anal,DescripciÃ³n,10045
ASIA_TACTO_DER,Nivel sensitivo derecho. Segmento mÃ¡s caudal de la mÃ©dula espinal con funciÃ³n sensitiva normal,DescripciÃ³n,10046
ASIA_TACTO_IZQ,Nivel sensitivo izquierdo. Segmento mÃ¡s caudal de la mÃ©dula espinal con funciÃ³n sensitiva normal,DescripciÃ³n,10047
BCIAO_ASIS,Ratio de asistencia de contrapulsaciÃ³n,DescripciÃ³n,10048
BCIAO_DIS,Tipo de balÃ³n de contrapulsaciÃ³n,DescripciÃ³n,10049
BCIAO_SINC,SincronizaciÃ³n de balÃ³n de contrapulsaciÃ³n,DescripciÃ³n,10050
BILIRRUBINA_T,Bilirrubina total,mg/dL,10051
BILIRU_POC_NEO,Bilirrubina plasmÃ¡tica por gasÃ³metro en neonatologÃ­a,mg/dL,10052
BILI_TC_DIS_NEO,Dispositivo para evaluaciÃ³n bilirrubina transcutÃ¡nea en neonatologÃ­a,DescripciÃ³n,10053
BILI_TC_NEO,Bilirrubina transcutanea en neonatologÃ­a,mg/dL,10054
BIND_NEO,GraduaciÃ³n de la encefalopatÃ­a aguda por bilirrubina (BIND score),DescripciÃ³n,10055
BIS_BSR,Brote supresiÃ³n frontoparietal en BIS,%,10056
BIS_CS,Calidad de seÃ±al frontoparietal en BIS,%,10057
BIS_DIS,Tipo de dispositivo,DescripciÃ³n,10058
BIS_EMG,Electromiograma frontal frontoparietal en BIS,%,10059
BIS_IDX,Indice biespectral frontoparietal en BIS,n,10060
BIS_MOD,Modalidad de registro de BIS,DescripciÃ³n,10061
BROMAGE,ValoraciÃ³n del grado de bloqueo motor post-anestesia regional,PuntuaciÃ³n,10062
CA,Calcio iÃ³nico,mMol/L,10063
CABEZA,,,10064
CANG_NEO,Canguro,DescripciÃ³n,10065
CANG_T_NEO,Canguro (Tiempo),min,10066
CAR_QTC,Intervalo QT corregido,ms,10067
CAR_RITM,Ritmo cardÃ­aco,DescripciÃ³n,10068
CAR_RITM_NEO,Ritmo cardÃ­aco en neonatologÃ­a,DescripciÃ³n,10069
CA_POC_NEO,Calcio iÃ³nico por gasÃ³metro en neonatologÃ­a,mMol/L,10070
CEC_CER_PROT,ProtecciÃ³n cerebral durante la circulaciÃ³n extracorpÃ³rea cardÃ­aca,DescripciÃ³n,10071
CEC_CIRCUIT_CAL,Calibre del circuito de circulaciÃ³n extracorpÃ³rea cardÃ­aca,DescripciÃ³n,10072
CEC_CIRCUIT_PRES,PresiÃ³n del circuito de circulaciÃ³n extracorpÃ³rea cardÃ­aca,mm Hg,10073
CEC_CIRCUIT_TIP,Tipo de circuito de circulaciÃ³n extracorpÃ³rea cardÃ­aca,DescripciÃ³n,10074
CEC_CPLEJ_MOD,Modalidad de protecciÃ³n miocÃ¡rdica durante la circulaciÃ³n extracorpÃ³rea cardÃ­aca,DescripciÃ³n,10075
CEC_CPLEJ_PRES,PresiÃ³n de infusiÃ³n de cardioplejia durante circulaciÃ³n extracorpÃ³rea cardÃ­aca,mm Hg,10076
CEC_CPLEJ_Q,Flujo de cardioplejia durante circulaciÃ³n extracorpÃ³rea cardÃ­aca,L/min,10077
CEC_CPLEJ_TEMP,Temperatura administraciÃ³n cardioplejia durante la circulaciÃ³n extracorpÃ³rea cardÃ­aca,ÂºC,10078
CEC_CPLEJ_TIP,Tipo de dispositivo de administraciÃ³n de cardioplejia durante circulaciÃ³n extracorpÃ³rea cardÃ­aca,DescripciÃ³n,10079
CEC_CPLEJ_VIA,VÃ­a administraciÃ³n de la cardioplejia durante circulaciÃ³n extracorpÃ³rea cardÃ­aca,DescripciÃ³n,10080
CEC_DIS,Tipo de dispositivo para la realizaciÃ³n de la circulaciÃ³n extracorpÃ³rea cardÃ­aca,DescripciÃ³n,10081
CEC_DUR_ISQUEMIA,Tiempo de duraciÃ³n de la fase de isquemia en la circulaciÃ³n extracorpÃ³rea cardÃ­aca,min,10082
CEC_DUR_PARADA,Tiempo de duraciÃ³n de la fase de parada en la circulaciÃ³n extracorpÃ³rea cardÃ­aca,min,10083
CEC_DUR_PERFCER,Tiempo de duraciÃ³n de la fase de perfusiÃ³n cerebral en la circulaciÃ³n extracorpÃ³rea cardÃ­aca,min,10084
CEC_DUR_TOTAL,Tiempo total de duraciÃ³n de la circulaciÃ³n extracorpÃ³rea cardÃ­aca,min,10085
CEC_HEP_PROT,Ratio heparina:protamina durante la circulaciÃ³n extracorpÃ³rea cardÃ­aca,DescripciÃ³n,10086
CEC_MIO_TEMP,Temperatura miocÃ¡rdica del paciente durante la circulaciÃ³n extracorpÃ³rea cardÃ­aca,ÂºC,10087
CEC_OXIGEN_FiO2,FiO2 del mezclador para el oxigenador durante circulaciÃ³n extracorpÃ³rea cardÃ­aca,%,10088
CEC_OXIGEN_MOD,Modelo de oxigenador para realizaciÃ³n de circulaciÃ³n extracorpÃ³rea cardiaca,DescripciÃ³n,10089
CEC_OXIGEN_O2Q,Flujo de O2 para el oxigenador durante circulaciÃ³n extracorpÃ³rea cardÃ­aca,L/min,10090
CEC_OXIGEN_TIP,Tipo de oxigenador para realizaciÃ³n de circulaciÃ³n extracorpÃ³rea cardiaca,DescripciÃ³n,10091
CEC_PERF_Q,Flujo de la bomba de circulaciÃ³n extracorpÃ³rea cardÃ­aca,L/min,10092
CEC_PERF_TIP,Tipo de perfusiÃ³n de la bomba de circulaciÃ³n extracorpÃ³rea cardÃ­aca,DescripciÃ³n,10093
CEC_REC_CEL,Uso dispositivo de recuperaciÃ³n celular en la circulaciÃ³n extracorpÃ³rea cardÃ­aca,DescripciÃ³n,10094
CEC_REC_TIP,Tipo de dispositivo de recuperaciÃ³n celular en la circulaciÃ³n extracorpÃ³rea cardÃ­aca,DescripciÃ³n,10095
CEC_SANGA_TEMP,Temperatura de la sangre arterial del paciente durante la circulaciÃ³n extracorpÃ³rea cardÃ­aca,ÂºC,10096
CEC_SANGV_TEMP,Temperatura de la sangre venosa del paciente durante la circulaciÃ³n extracorpÃ³rea cardÃ­aca,ÂºC,10097
CEC_TCDE_MOD,Modalidad de terapia de soporte renal durante la circulaciÃ³n extracorpÃ³rea cardÃ­aca,DescripciÃ³n,10098
CEC_TCDE_TIP,Tipo de terapia de soporte renal durante la circulaciÃ³n extracorpÃ³rea cardÃ­aca,DescripciÃ³n,10099
CEC_VEN_DRE,Drenaje venoso activo durante la circulaciÃ³n extracorpÃ³rea cardÃ­aca,DescripciÃ³n,10100
CEFALEA,Ausencia/Presencia de cefalea,DescripciÃ³n,10101
CEO_ANATOMIA,Lugar anatÃ³mico perfundido para la circulaciÃ³n extracorpÃ³rea oncolÃ³gica,DescripciÃ³n,10102
CEO_CIRCUIT_CAL,Calibre del circuito de circulaciÃ³n extracorpÃ³rea oncolÃ³gica,DescripciÃ³n,10103
CEO_CIRCUIT_PRE,PresiÃ³n del circuito de circulaciÃ³n extracorpÃ³rea oncolÃ³gica,mm Hg,10104
CEO_CIRCUIT_TIP,Tipo de circuito de circulaciÃ³n extracorpÃ³rea oncolÃ³gica,DescripciÃ³n,10105
CEO_DIS,Dispositivo para la realizaciÃ³n de la circulaciÃ³n extracorpÃ³rea oncolÃ³gica,DescripciÃ³n,10106
CEO_DIST_TEMP,Temperatura distal durante la circulaciÃ³n extracorpÃ³rea oncolÃ³gica,ÂºC,10107
CEO_DUR_TOTAL,Tiempo total de duraciÃ³n de la circulaciÃ³n extracorpÃ³rea oncolÃ³gica,min,10108
CEO_DU_ISQUEMIA,Tiempo de duraciÃ³n de la fase de isquemia en la circulaciÃ³n extracorpÃ³rea oncolÃ³gica,min,10109
CEO_HEP_PROT,Ratio heparina:protamina durante la circulaciÃ³n extracorpÃ³rea oncolÃ³gica,DescripciÃ³n,10110
CEO_INTV_FARM12,DuraciÃ³n del intervalo entre la administraciÃ³n fÃ¡rmacos 1 y 2 en CEO,min,10111
CEO_INTV_FARM23,DuraciÃ³n del intervalo entre la administraciÃ³n fÃ¡rmacos 2 y 3 en CEO,min,10112
CEO_NEO,Neoplasia a la que se preactica la circulaciÃ³n extracorpÃ³rea oncolÃ³gica,DescripciÃ³n,10113
CEO_OXIGEN_FiO2,FiO2 del mezclador para oxigenador durante circulaciÃ³n extracorpÃ³rea oncolÃ³gica,%,10114
CEO_OXIGEN_MOD,Modelo de oxigenador para realizaciÃ³n de circulaciÃ³n extracorpÃ³rea oncolÃ³gica,DescripciÃ³n,10115
CEO_OXIGEN_O2Q,Flujo de O2 para el oxigenador durante circulaciÃ³n extracorpÃ³rea oncolÃ³gica,L/min,10116
CEO_OXIGEN_TIP,Tipo de oxigenador para realizaciÃ³n de circulaciÃ³n extracorpÃ³rea oncolÃ³gica,DescripciÃ³n,10117
CEO_PERF_Q,Flujo de la bomba de circulaciÃ³n extracorpÃ³rea oncolÃ³gica,L/min,10118
CEO_PERF_TIP,Tipo de perfusiÃ³n de la bomba de circulaciÃ³n extracorpÃ³rea oncolÃ³gica,DescripciÃ³n,10119
CEO_PROX_TEMP,Temperatura proximal durante la circulaciÃ³n extracorpÃ³rea oncolÃ³gica,ÂºC,10120
CEO_SANGA_TEMP,Temperatura de la sangre arterial del paciente durante la circulaciÃ³n extracorpÃ³rea oncolÃ³gica,ÂºC,10121
CEO_SANGV_TEMP,Temperatura de la sangre venosa del paciente durante la circulaciÃ³n extracorpÃ³rea oncolÃ³gica,ÂºC,10122
CEO_TADMI_FARM1,Tiempo de administraciÃ³n fÃ¡rmaco 1 en CEO,min,10123
CEO_TADMI_FARM2,Tiempo de administraciÃ³n fÃ¡rmaco 2 en CEO,min,10124
CEO_TADMI_FARM3,Tiempo de administraciÃ³n fÃ¡rmaco 3 en CEO,min,10125
CHILD_PUGH,Gravedad de la enfermedad hepÃ¡tica,PuntuaciÃ³n,10126
CIREND_CO2_Q,Flujo de CO2 insuflado en cirugÃ­a endoscÃ³pica,L/min,10127
CIREND_CO2_TOT,Cantidad total de litros de CO2 administrado en cirugÃ­a endoscÃ³pica,L,10128
CIREND_PIA_INS,PresiÃ³n intraabdominal del insuflador en cirugÃ­a endoscÃ³pica,mm Hg,10129
CL,Cloro,mMol/L,10130
CLIF-C OF,ValoraciÃ³n de fallo orgÃ¡nico en enfemedad hepÃ¡tica crÃ³nica,PuntuaciÃ³n,10131
CLIF-C Â ACLF,ValoraciÃ³n de fallo orgÃ¡nico en enfemedad hepÃ¡tica crÃ³nica,PuntuaciÃ³n,10132
CLIF-SOFA,ValoraciÃ³n de fallo orgÃ¡nico en fallo hepÃ¡tico,PuntuaciÃ³n,10133
CL_POC_NEO,Cloro por gasÃ³metro en neonatologÃ­a,mMol/L,10134
COLOR_EID,coloraciÃ³n extremidad inferior derecha,DescripciÃ³n,10135
COLOR_EII,coloraciÃ³n extremidad inferior izquierda,DescripciÃ³n,10136
COLOR_ESD,coloraciÃ³n extremidad superior derecha,DescripciÃ³n,10137
COLOR_ESI,coloraciÃ³n extremidad superior izquierda,DescripciÃ³n,10138
COLOR_NEO,ColoraciÃ³n,DescripciÃ³n,10139
COMA_GCS,Escala de coma de Glasgow,PuntuaciÃ³n,10140
COMA_NEO,Escala de coma neonatal,PuntuaciÃ³n,10141
CREAT,Creatinina plasmÃ¡tica,mg/dL,10142
CUERPO_CETONICO,Cuerpos cetÃ³nicos en tira reactiva,DescripciÃ³n,10143
CUNAT_DIS_NEO,Tipo de cuna tÃ©rmica neonatal,DescripciÃ³n,10144
CUNAT_NSERI_NEO,NÃºmero de serie de cuna tÃ©rmica neonatal,Letra-NÃºmero,10145
CUNAT_POS_NEO,Angulo inclinaciÃ³n cuna tÃ©rmica en neonatologÃ­a,DescripciÃ³n,10146
CUNAT_TEMP_NEO,Temperatura cuna tÃ©rmica en neonatologÃ­a,Â°C,10147
CUNA_POS_NEO,Angulo inclinaciÃ³n cuna en neonatologÃ­a,DescripciÃ³n,10148
CV_ESP,Capacidad vital en respiraciÃ³n espontÃ¡nea,mLÂ ,10149
CV_POS,PosiciÃ³n para medir la capacidad vital,DescripciÃ³n,10150
C_CETONICOS_NEO,Cuerpos cetÃ³nicos en tira reactiva en neonatologÃ­a,DescripciÃ³n,10151
DELIRIO_CAM-ICU,Grado de delirio segÃºn escala CAM-ICU,DescripciÃ³n,10152
DELIRIO_NU_DESC,Grado de delirio segÃºn escala Nursing Delirium Screaning Scale,PuntuaciÃ³n,10153
DIAM_PD,DiÃ¡metro de la pupila derecha,mm,10154
DIAM_PD_NEO,DiÃ¡metro de la pupila derecha en neonatologÃ­a,DescripciÃ³n,10155
DIAM_PI,DiÃ¡metro de la pupila izquierda,mm,10156
DIAM_PI_NEO,DiÃ¡metro de la pupila izquierda en neonatologÃ­a,DescripciÃ³n,10157
DOLOR_COMF_NEO,Dolor Comfort neonatologÃ­a,DescripciÃ³n,10158
DOLOR_COR,Grado de dolor coronario segÃºn escala numÃ©rica ordinal,PuntuaciÃ³n,10159
DOLOR_CRIES_NEO,"Grado de dolor segÃºn escala Crying, Requires Oxygen Saturation, Increased Vital Signs, Expression, Sleeplessness, neonatologÃ­a",PuntuaciÃ³n,10160
DOLOR_ENO,Grado de dolor segÃºn escala visual numÃ©rica,PuntuaciÃ³n,10161
DOLOR_ESCID,Escala de valoraciÃ³n del dolor en pacientes sedados e intubados,PuntuaciÃ³n,10162
DOLOR_EVA,Grado de dolor segÃºn escala visual analÃ³gica,PuntuaciÃ³n,10163
DOLOR_EVC,Grado de dolor segÃºn escala visual categÃ³rica,PuntuaciÃ³n,10164
DOLOR_EVN,Grado de dolor segÃºn escala visual numÃ©rica,PuntuaciÃ³n,10165
DOLOR_LOC,LocalizaciÃ³n del dolor,DescripciÃ³n,10166
DOLOR_PAINAD,Grado de dolor en demencia avanzada,PuntuaciÃ³n,10167
DOLOR_PIPP_NEO,"Grado de dolor segÃºn escala Premature Infant Pain Profile, neonatologÃ­a",PuntuaciÃ³n,10168
DPMAX_OP,Velocidad mÃ¡xima de aumento de presiÃ³n sistolica  estimada por onda de pulso,mm Hg/s,10169
EB,Exceso de base,mMol/LÂ ,10170
EB_EF_NEO,Exceso de base efectivo en neonatologÃ­a,mMol/LÂ ,10171
EDEMA_EID,Edema en extremidad inferior derecha,DescripciÃ³n,10172
EDEMA_EII,Edema en extremidad inferior izquierda,DescripciÃ³n,10173
EDEMA_ESCLAVINA,Edema en esclavina,DescripciÃ³n,10174
EDEMA_ESCROTO,Edema en escroto,DescripciÃ³n,10175
EDEMA_ESD,Edema en extremidad superior derecha,DescripciÃ³n,10176
EDEMA_ESI,Edema en extremidad superior izquierda,DescripciÃ³n,10177
EDEMA_FACIAL,Edema facial,DescripciÃ³n,10178
EDEMA_SACRO,Edema sacro,DescripciÃ³n,10179
EDEMA_VULVA,Edema vulvar,DescripciÃ³n,10180
EEGA_BDER_C_NEO,"Presencia de crisis en aEEG en registro bicanal, hemisferio derecho, en neonat.",DescripciÃ³n,10181
EEGA_BDER_P_NEO,"PatrÃ³n del aEEG en registro bicanal, hemisferio derecho, en neonatologÃ­a",DescripciÃ³n,10182
EEGA_BD_CSV_NEO,"Ciclos sueÃ±o-vigilia en aEEG en registro bicanal, hemisferio derecho, en neonat.",DescripciÃ³n,10183
EEGA_BIZQ_C_NEO,"Presencia de crisis en aEEG en registro bicanal, hemisferio izq., en neonat.",DescripciÃ³n,10184
EEGA_BIZQ_P_NEO,"PatrÃ³n del aEEG en registro bicanal, hemisferio izquiercho, en neonatologÃ­a",DescripciÃ³n,10185
EEGA_BI_CVS_NEO,"Ciclos sueÃ±o-vigilia en aEEG en registro bicanal, hemisferio izq., en neonat.",DescripciÃ³n,10186
EEGA_DIS_NEO,Dispositivo utilizado para monitorizaciÃ³n encefalografÃ­a cont. en neonatologÃ­a,DescripciÃ³n,10187
EEGA_MONO_C_NEO,Presencia de crisis en aEEG en registro monocanal en neonatologÃ­a,DescripciÃ³n,10188
EEGA_MONO_P_NEO,PatrÃ³n del aEEG en registro monocanal en neonatologÃ­a,DescripciÃ³n,10189
EEGA_MO_CSV_NEO,Ciclos sueÃ±o-vigilia en aEEG en registro monocanal en neonatologÃ­a,DescripciÃ³n,10190
EEGA_TIPO_NEO,Tipo de registro del aEEG en neonatologÃ­a,DescripciÃ³n,10191
ENC_HEP,Grado de encefalopatÃ­a hepÃ¡tica (West-Haven),PuntuaciÃ³n,10192
EPIGASTRALGIA,Ausencia/Presencia de epigastralgia,DescripciÃ³n,10193
EPOC,EPOC,DescripciÃ³n,10194
ESTADO_CONCIENC,Estado de consciencia del enfermo,PuntuaciÃ³n,10195
ESTA_CONCIE_NEO,Estado de consciencia del paciente en neonatologÃ­a,DescripciÃ³n,10196
EST_HID_NEO,Estado hidrataciÃ³n,DescripciÃ³n,10197
ETCO2,PresiÃ³n parcial de CO2 al final de la espiraciÃ³n por capnografÃ­a,mm Hg,10198
ETCO2_NEO,PresiÃ³n parcial de CO2 al final de la espiraciÃ³n por capnografÃ­a en neonatologÃ­a,mm Hg,10199
ETCO2_VMA,PresiÃ³n parcial de CO2 al final de la espiraciÃ³n por VMA,mm Hg,10200
ETCO2_VMI,PresiÃ³n parcial de CO2 al final de la espiraciÃ³n por VMI,mm Hg,10201
ETCO2_VMI_NEO,PresiÃ³n parcial de CO2 al final de la espiraciÃ³n por VMI en neonatologÃ­a,mm Hg,10202
EUROSCORE,PredicciÃ³n de mortalidad operatoria cirugÃ­a cardÃ­aca,PuntuaciÃ³n,10203
EVLW_OP,Agua pulmonar extravascular estimada por onda de pulso,mL/kg,10204
EXTEM_Alpha,Angulo alfa de la vÃ­a extrÃ­nseca,Âº,10205
EXTEM_CFT,Tiempo de formaciÃ³n del coÃ¡gulo de la vÃ­a extrÃ­nseca,s,10206
EXTEM_CT,Tiempo de coagulaciÃ³n de la vÃ­a extrÃ­nseca,s,10207
EXTEM_LI30,"Lisis a los 30 minutos, de la vÃ­a extrÃ­nseca",%,10208
EXTEM_LI60,"Lisis als 60 minutos, de la vÃ­a extrÃ­nseca",%,10209
EXTEM_MCF,Firmeza mÃ¡xima del coÃ¡gulo de la vÃ­a extrÃ­nseca,mm,10210
EXTEM_ML,"MÃ¡xima lisis, de la vÃ­a extrÃ­nseca",%,10211
FCOHB,FracciÃ³n de Carboxihemoglobina,%,10212
FCOHB_NEO,FracciÃ³n de Carboxihemoglobina en neonatologÃ­a,%,10213
FC_%MCP,% Frecuencia cardÃ­aca de marcapasos,%,10214
FC_AUS,Frecuencia cardÃ­aca por auscultaciÃ³n,lpm,10215
FC_AUS_NEO,Frecuencia cardÃ­aca por auscultaciÃ³n en neonatologÃ­a,lpm,10216
FC_CVP,Ectopias ventriculares por minuto,lpm,10217
FC_EKG,Frecuencia cardÃ­aca por electrocardiografÃ­a,lpm,10218
FC_EKG_NEO,Frecuencia cardÃ­aca por electrocardiografÃ­a en neonatologÃ­a,lpm,10219
FC_FET,Frecuencia cardÃ­aca fetal,lpm,10220
FC_OSC,Frecuencia cardÃ­aca por oscilometrÃ­a,lpm,10221
FC_OSC_NEO,Frecuencia cardÃ­aca por oscilometrÃ­a en neonatologÃ­a,lpm,10222
FC_PA,Frecuencia cardÃ­aca por onda presiÃ³n arterial,lpm,10223
FC_PA_NEO,Frecuencia cardÃ­aca por onda presiÃ³n arterial en neonatologÃ­a,lpm,10224
FC_PLS,Frecuencia cardÃ­aca por pulso,lpm,10225
FC_PLS_NEO,Frecuencia cardÃ­aca por pulso en neonatologÃ­a,lpm,10226
FC_PLT,Frecuencia cardÃ­aca por pletismografia,lpm,10227
FC_PLT_NEO,Frecuencia cardÃ­aca por pletismografia en neonatologÃ­a,lpm,10228
FIBRINOGENO,FibrinÃ³geno plasmÃ¡tico,g/L,10229
FIBTEM_MCF,Firmeza mÃ¡zima del coÃ¡gulo,mm,10230
FINNEGAN_MOD_NEO,Test de Finnegan modificado en neonatologÃ­a,PuntuaciÃ³n,10231
FINNEGAN_MO_NEO,Test de Finnegan modificado en neonatologÃ­a,PuntuaciÃ³n,10232
FIO2,FracciÃ³n inspiratoria de oxÃ­geno en respiraciÃ³n espontÃ¡nea,%,10233
FMETHB,FracciÃ³n de Metahemoglobina,%,10234
FMETHB_NEO,FracciÃ³n de Metahemoglobina en neonatologÃ­a,%,10235
FM_PD,Reflejo fotomotor de la pupila derecha,DescripciÃ³n,10236
FM_PD_NEO,Reflejo fotomotor de la pupila derecha en neonatologÃ­a,DescripciÃ³n,10237
FM_PI_NEO,Reflejo fotomotor de la pupila izquierda en neonatologÃ­a,DescripciÃ³n,10238
FM_PIÂ ,Reflejo fotomotor de la pupila izquierda,DescripciÃ³n,10239
FOTOPSIAS,Ausencia/Presencia de fotÃ³psias,DescripciÃ³n,10240
FOTO_DIS_NEO,LÃ¡mpara de foterapia en neonatologÃ­a,DescripciÃ³n,10241
FREC_RESP,Frecuencia respiratoria por inspecciÃ³n,resp/min,10242
FR_C,Frecuencia respiratoria por capnografÃ­a,resp/min,10243
FR_C_NEO,Frecuencia respiratoria por capnografÃ­a en neonatologÃ­a,resp/min,10244
FR_INS,Frecuencia respiratoria por inspecciÃ³n,resp/min,10245
FR_INS_NEO,Frecuencia respiratoria por inspecciÃ³n en neonatologÃ­a,resp/min,10246
FR_IP,Frecuencia respiratoria por impedancia,resp/min,10247
FR_IP_NEO,Frecuencia respiratoria por impedancia en neonatologÃ­a,resp/min,10248
FUERZA_EID,Fuerza extremidad inferior derecha,DescripciÃ³n,10249
FUERZA_EII,Fuerza extremidad inferior izquierda,DescripciÃ³n,10250
FUERZA_ESD,Fuerza extremidad superior derecha,DescripciÃ³n,10251
FUERZA_ESI,Fuerza extremidad superior izquierda,DescripciÃ³n,10252
GASES_MUESTRA,Origen de la muestra sanguÃ­nea,DescripciÃ³n,10253
GAS_MUESTRA_NEO,Origen de la muestra sanguÃ­nea en neonatologÃ­a,DescripciÃ³n,10254
GCC_OP,Gasto cardÃ­aco contÃ­nuo estimado por onda de pulso,L/min,10255
GCC_TC,Gasto cardÃ­aco contÃ­nuo por tÃ©cnica transcardÃ­aca,L/min,10256
GC_TC,Gasto cardÃ­aco por tÃ©cnica transcardÃ­aca,L/min,10257
GC_TP,Gasto cardÃ­aco medido por diluciÃ³n transpulmonar,L/min,10258
GEDV_OP,Volumen global diastÃ³lico estimado por onda de pulso,mL,10259
GEF_OP,FracciÃ³n eyecciÃ³n global estimada por onda de pulso,%,10260
GLIC_CAPIL,Glucosa plasmÃ¡tica,mg/dL,10261
GLUCOSA,Glucosa plasmÃ¡tica,mg/dL,10262
GLUCOSA_POC_NEO,Glucosa plasmÃ¡tica por gasÃ³metro en neonatologÃ­a,mg/dL,10263
GLUCOSA_TIRA_NEO,Glucosa por tira reactiva en neonatologÃ­a,mg/dL,10264
GLUCOSA_TIR_NEO,Glucosa por tira reactiva en neonatologÃ­a,mg/dL,10265
GLUCOSURIA,Glucosuria en tira reactiva,DescripciÃ³n,10266
GLUCOSURIA_NEO,Glucosuria en tira reactiva neonatologÃ­a,DescripciÃ³n,10267
HB,Hemoglobina,g/L,10268
HB_LIQ_BIOL,Hemoglobina del lÃ­quido biolÃ³gico que se analiza,g/L,10269
HB_POC_NEO,Hemoglobina por gasÃ³metro en neonatologÃ­a,g/L,10270
HCO3_ACT,Bicarbonato actualÂ  Â Â Â Â Â Â Â Â Â Â Â Â Â Â ,mMol/LÂ ,10271
HCO3_ACT_NEO,Bicarbonato actual en neonatologÃ­a,mMol/LÂ ,10272
HDI_ANTICOAG,AnticoagulaciÃ³n en la HDI,DescripciÃ³n,10273
HDI_DIAL_K,Potasio en lÃ­quido dializante para HDI,mEq/L,10274
HDI_DIAL_P,FÃ³sforo en lÃ­quido de diÃ¡lisis,mL,10275
HDI_DIAL_Q,Flujo del lÃ­quido dializante en HDI,mL/min,10276
HDI_DIAL_TA,Temperatura lÃ­quido dializante,ÂºCÂ ,10277
HDI_DIS,Dispositivo utilizado para HDI,DescripciÃ³n,10278
HDI_EXT_HORA,ExtracciÃ³n horaria pautada en HDI,mL,10279
HDI_PTM_,PresiÃ³n transmembrana en HDI,mm Hg,10280
HDI_P_ENT,PresiÃ³n de entrada o arterial en HDI,mm Hg,10281
HDI_P_RET,PresiÃ³n de retorno o venosa en HDI,mm Hg,10282
HDI_SANGRE_Q,Flujo de sangre en HDI,mL/min,10283
HEMATURIA,Hematuria en tira reactiva,DescripciÃ³n,10284
HEMATURIA_NEO,Hematuria en tira reactiva en neonatologÃ­a,DescripciÃ³n,10285
HEMORROIDES,Ausencia o presencia de hemorroides,DescripciÃ³n,10286
HEPTEM,Tromboelastometria modificada con heparinasa,DescripciÃ³n,10287
HFOV_AMPL_M_NEO,Amplitud oscilatoria mÃ¡xima permitida en VM oscilatoria en neonatologÃ­a,cm H20,10288
HFOV_AMPL_NEO,Amplitud oscilatoria putada en VM oscilatoria en neonatologÃ­a,cm H20,10289
HFOV_AMP_RE_NEO,Amplitud oscilatoria real en VM oscilatoria en neonatologÃ­a,cm H20,10290
HFOV_DCO2_NEO,DCO2 en VM oscilatoria en neonatologÃ­a,L/min,10291
HFOV_DIS_NEO,Tipo de respirador oscilatorio en neonatologÃ­a,DescripciÃ³n,10292
HFOV_FIO2_NEO,FracciÃ³n inspiratoria de oxÃ­geno en VM oscilatoria en neonatologÃ­a,%,10293
HFOV_FREC_NEO,Frecuencia oscilatoria en VM oscilatoria en neonatologÃ­a,Hz,10294
HFOV_FUGAS_NEO,Fugas en VM oscilatoria en neonatologÃ­a,L/min,10295
HFOV_IE_NEO,RelaciÃ³n tiempo inspiratorio:espiratorio en neonatologÃ­a,DescripciÃ³n,10296
HFOV_PAW_NEO,PresiÃ³n media de vÃ­as aÃ©reas en VM oscilatoria en neonatologÃ­a,cm H20,10297
HFOV_R_NEO,Resistencias en VM oscilatoria en neonatologÃ­a,L/min,10298
HFOV_VG_NEO,Volumen corriente garantizado en VM oscilatoria en neonatologÃ­a,mL,10299
HFOV_VME_NEO,Volumen minuto espiratorio en VM oscilatoria en neonatologÃ­a,L/min,10300
HTO,Hematocrito,L/L,10301
HTO_POC_NEO,Hematocrito por gasÃ³metro en neonatologÃ­a,L/L,10302
HTT_DIS,Dispositivo para la hipotermia terapÃ©utica,DescripciÃ³n,10303
HTT_DIS_NEO,Dispositivo para la hipotermia terapÃ©utica en neonatologÃ­a,DescripciÃ³n,10304
HTT_FASE,Fase de enfreamiento / calentamiento,DescripciÃ³n,10305
HTT_FASE_NEO,Fase de enfriamiento / calentamiento en neonatologÃ­a,DescripciÃ³n,10306
HTT_TEMP_CAL,Temperatura del agua del sistema hipotermia terapÃ©utica,Â°C,10307
HTT_TEMP_CA_NEO,Temperatura del sistema hipotermia terapÃ©utica en neonatologÃ­a,Â°C,10308
HTT_TEMP_CT_NEO,Temperatura distal cutÃ¡nea en hipotermia en neonatologÃ­a,Â°C,10309
HTT_TEMP_ES,Temperatura esofÃ¡gica en hipotermia terapÃ©utica,Â°C,10310
HTT_TEMP_ES_NEO,Temperatura esofÃ¡gica en hipotermia terapÃ©utica en neonatologÃ­a,Â°C,10311
HTT_TEMP_OB_NEO,Temperatura objetivo a alcanzar en hipotermia terapÃ©utica en neonatologÃ­a,Â°C,10312
HTT_TEMP_RE_NEO,Temperatura rectal en hipotermia terapÃ©utica en neonatologÃ­a,Â°C,10313
HTT_TEMP_VE,Temperatura vesical en hipotermia terapÃ©utica,Â°C,10314
HTT_TÂª_OB,Temperatura objetivo a alcanzar en hipotermia terapÃ©utica,Â°C,10315
HUM_TEMP_NEO,Temperatura de humidificaciÃ³n activa en neonatologÃ­a,ÂºC,10316
HUM_TIPO_NEO,Modo de humidificaciÃ³n en neonatologÃ­a,DescripciÃ³n,10317
ICC_OP,Indice cardÃ­aco contÃ­nuo estimado por onda de pulso,L/min/m2,10318
ICC_TC,Indice cardÃ­aco contÃ­nuo por tÃ©cnica transcardÃ­aca,L/min/m2,10319
ICTUS_EC,Escala neurolÃ³gica canadiense,PuntuaciÃ³n,10320
ICTUS_NIH,Escala NIH para valoraciÃ³n del ictus: PuntuaciÃ³n global,PuntuaciÃ³n,10321
IC_TC,Indice cardÃ­aco por tÃ©cnica transcardÃ­aca,L/min/m2,10322
IC_TP,Indice cardÃ­aco medido por diluciÃ³n transpulmonar,L/min/m2,10323
IET_MODO_NEO,Modo de intubaciÃ³n en neonatologÃ­a,DescripciÃ³n,10324
IEVLW_OP,Indice de agua pulmonar extravascular estimada por onda de pulso,mL/kg/m2,10325
IGEDV_OP,Indice de volumen global diastÃ³lico estimado por onda de pulso,mL/m2,10326
IITBV_OP,Indice de volumen de sangre intratorÃ¡cico estimado por onda de pulso,mL/m2,10327
INCU_DIS_NEO,Tipo de incubadora neonatal,DescripciÃ³n,10328
INCU_HUM_NEO,Humedad relativa incubadora en neonatologÃ­a,%,10329
INCU_NSERIE_NEO,NÃºmero de serie de incubadora neonatal,Letra-NÃºmero,10330
INCU_O2_NEO,Oxigenoterapa en incubadora en neonatologÃ­a,%,10331
INCU_POS_NEO,Angulo inclinaciÃ³n incubadora en neonatologÃ­a,DescripciÃ³n,10332
INCU_TEMP_NEO,Temperatura incubadora en neonatologÃ­a,Â°C,10333
INC_TOAB,IncoordinaciÃ³n toracoabdominal,DescripciÃ³n,10334
INTEM_ CT,Tiempo de coagulaciÃ³n de la vÃ­a intrÃ­nseca,s,10335
INTEM_Alpha,Angulo alfa de la vÃ­a intrÃ­nseca,Âº,10336
INTEM_CFT,Tiempo de formaciÃ³n del coÃ¡gulo de la vÃ­a intrÃ­nseca,s,10337
INTEM_LI30,"Lisis a los 30 minutos, de la vÃ­a intrÃ­nseca",%,10338
INTEM_LI60,"Lisis als 60 minutos, de la vÃ­a intrÃ­nseca",%,10339
INTEM_MCF,Firmeza mÃ¡xima del coÃ¡gulo de la vÃ­a intrÃ­nseca,mm,10340
INTEM_ML,"MÃ¡xima lisis, de la vÃ­a intrÃ­nseca",%,10341
IPVP_OP,Indice de permeabilidad vascular pulmonar  estimada por onda de pulso,U,10342
IRVP_TC,Indice de resistencias vasculares pulmonares por tÃ©cnica transcardÃ­aca,dina*s*m2/cm5,10343
IRVS_OP,Indice de resistencias vasculares sistÃ©micas estimadas por onda de pulso,dina*s*m2/cm5,10344
IRVS_TC,Indice de resistencias vasculares sistÃ©micas por tÃ©cnica transcardÃ­aca,dina*s*m2/cm5,10345
IRVS_TP,Indice de resistencias vasculares sistÃ©micas medidas por diluciÃ³n transpulmonar,dina*s*m2/cm5,10346
ITBV_OP,Volumen de sangre intratorÃ¡cico estimado por onda de pulso,mL,10347
IVSVD_TC,Indice de volumen sistÃ³lico ventrÃ­culo derecho,mL,10348
IVS_OP,Indice de volumen sistÃ³lico estimado por onda de pulso,mL/m2,10349
IVS_TC,Indice de volumen sistÃ³lico por tÃ©cnica transcardÃ­aca,mL/m2,10350
K,Potasio,mMol/L,10351
K_POC_NEO,Potasio por gasÃ³metro en neonatologÃ­a,mMol/L,10352
LACTATO,Lactato,mg/dL,10353
LACTATO_POC_NEO,Lactato por gasÃ³metro en neonatologÃ­a,mg/dL,10354
LAF_DIAM_NEO,TamaÃ±o de lentillas de alto flujo en neonatologÃ­a,DescripciÃ³n,10355
LAF_DIS_NEO,Dispositivo de lentillas de alto flujo en neonatologÃ­a,DescripciÃ³n,10356
LAF_FIO2_NEO,FracciÃ³n inspiratoria de oxÃ­geno en lentillas de alto flujo en neonatologÃ­a,%,10357
LAF_HUM_NEO,Sistema de humidificaciÃ³n para lentillas de alto flujo en neonatologÃ­a,DescripciÃ³n,10358
LAF_Q_NEO,Flujo en lentillas de alto flujo en neonatologÃ­a,L/min,10359
LAF_TEM_HUM_NEO,Temperatura de humidificaciÃ³n de lentillas de alto flujo en neonatologÃ­a,ÂºC,10360
LEUCOCITOS,Recuento de leucocitos totales,x10^9/L,10361
LEUCOCITURIA,Leucocituria en tira reactiva,DescripciÃ³n,10362
LEUCOCITURIA_NEO,Leucocituria en tira reactiva en neonatologÃ­a,DescripciÃ³n,10363
LEUCOCITURI_NEO,Leucocituria en tira reactiva en neonatologÃ­a,DescripciÃ³n,10364
LIBRE_PORCENTAJ,ParÃ¡metro libre (Porcentaje),%,10365
LIBRE_SI_NO,ParÃ¡metro libre (SÃ­/No),DescripciÃ³n,10366
LIBRE_TEXTO,ParÃ¡metro libre (Texto),DescripciÃ³n,10367
LIN_POS,PosiciÃ³n del balÃ³n gÃ¡strico Linton en cm a arcadas dentarias,cm,10368
LIN_VOL,Volumen insuflado en el balÃ³n Linton,mL,10369
LIPASA,Lipasa,U/L,10370
LIQ_BIOL_MUESTRA,Tipo de lÃ­quido biolÃ³gico que se analiza,DescripciÃ³n,10371
LLENADO_CAP,Tiempo de llenado capilar,DescripciÃ³n,10372
LLENADO_CAP_NEO,Tiempo de llenado capilar neonatologÃ­a,DescripciÃ³n,10373
LONGITUD_NEO,Longitud en neonatologÃ­a,cm,10374
MAREOS,Ausencia/Presencia de mareos,DescripciÃ³n,10375
MCP_BATERIA,Indicador de baterÃ­a del marcapasos,DescripciÃ³n,10376
MCP_DELAY_AV,Retraso aurÃ­culo-ventricular,ms,10377
MCP_DIS,Tipo de dispositivo de marcapasos transitorio,DescripciÃ³n,10378
MCP_FC,Frecuencia marcapasos programada,lpm,10379
MCP_MOD,Modalidad de marcapasos,DescripciÃ³n,10380
MCP_OUTPUT_A,Intensidad de estÃ­mulo auricular,V,10381
MCP_OUTPUT_V,Intensidad de estÃ­mulo ventricualr,V,10382
MCP_SENS_A,Umbral de sensado auricular,mV,10383
MCP_SENS_V,Umbral de sensado ventricular,mV,10384
MELD,Gravedad de la enfermedad hepÃ¡tica,PuntuaciÃ³n,10385
MG,Magnesio,mEq/L,10386
MUST,CÃ¡lculo de riesgo nutricional (Malnutrition Universal Screening Tool),PuntuaciÃ³n,10387
MUS_ACC,Uso de musculatura accesoria,DescripciÃ³n,10388
NA,Sodio,mMol/L,10389
NAUSEAS,Ausencia/Presencia de nÃ¡useas,DescripciÃ³n,10390
NA_POC_NEO,Sodio por gasÃ³metro en neonatologÃ­a,mMol/L,10391
NEB_DIS,Dispositivo utilizado para nebulizaciÃ³n,DescripciÃ³n,10392
NEB_O2_AIR,NebulizaciÃ³n con oxÃ­geno o con aire,DescripciÃ³n,10393
NEUEND_PIN,PresiÃ³n intraneuroendoscopio,mm Hg,10394
NEUEND_TEMP_IV,Temperatura intraventricular cerebral en reuroendoscopia,Â°C,10395
NEURO_EC,Escala neurolÃ³gica canadiense,PuntuaciÃ³n,10396
NEWS,ValoraciÃ³n de riesgo vital que requiere cuidados crÃ­ticos IPA,PuntuaciÃ³n,10397
NEWS_2,"ValoraciÃ³n de riesgo vital que requiere cuidados crÃ­ticos, versiÃ³n 2 IPA",PuntuaciÃ³n,10398
NEWS_2_MS,"ValoraciÃ³n de riesgo vital que requiere cuidados crÃ­ticos, versiÃ³n 2, monitor Masimo",PuntuaciÃ³n,10399
NEWS_2_WA,"ValoraciÃ³n de riesgo vital que requiere cuidados crÃ­ticos, versiÃ³n 2, monitor Welch-Allyn",PuntuaciÃ³n,10400
NIF_ESP,PresiÃ³n inspiratoria mÃ¡xima en respiraciÃ³n espontÃ¡nea,cm H2O,10401
NIH_ATAXIA,Escala NIH: Ataxia de las extremidades,DescripciÃ³n,10402
NIH_CON,Escala NIH: Nivel de conciencia,DescripciÃ³n,10403
NIH_CV,Escala NIH: Campos visuales,DescripciÃ³n,10404
NIH_DISARTRIA,Escala NIH: Disartria,DescripciÃ³n,10405
NIH_EXT_NEGL,Escala NIH: Extincio?n-Negligencia,DescripciÃ³n,10406
NIH_LENGUAJE,Escala NIH: Lenguaje,DescripciÃ³n,10407
NIH_MIRADA,Escala NIH: Mirada conjugada,DescripciÃ³n,10408
NIH_MOT,Escala NIH: O?rdenes motoras,DescripciÃ³n,10409
NIH_PARESIA_EID,Escala NIH: Paresia de extremidades inferior D Â ,DescripciÃ³n,10410
NIH_PARESIA_EII,Escala NIH: Paresia de extremidades inferior I,DescripciÃ³n,10411
NIH_PARESIA_ESD,Escala NIH: Paresia de extremidades superior D,DescripciÃ³n,10412
NIH_PARESIA_ESI,Escala NIH: Paresia de extremidades superior I Â ,DescripciÃ³n,10413
NIH_PARESIA_FAC,Escala NIH: Paresia facial,DescripciÃ³n,10414
NIH_SENSIB,Escala NIH: Sensibilidad,DescripciÃ³n,10415
NIH_VER,Escala NIH: Preguntas verbales,DescripciÃ³n,10416
NIPE_NEO,Newborn Infant Parasympathetic Evaluation en neonatologÃ­a,PuntuaciÃ³n,10417
NITRITO_ORINA,Nitritos en tira reactiva,DescripciÃ³n,10418
NITRITO_ORI_NEO,Nitritos en tira reactiva en neonatologÃ­a,DescripciÃ³n,10419
NO_DIS,Modelo de dispositivo para administraciÃ³n de Ã³xido nÃ­trico,DescripciÃ³n,10420
NO_DIS_NEO,Modelo de dispositivo para administraciÃ³n de Ã³xido nÃ­trico en neonatologÃ­a,DescripciÃ³n,10421
NO_FIO2,FracciÃ³n inspiratoria de oxÃ­geno en dispositivo de Ã³xido nÃ­trico,%,10422
NO_FIO2_NEO,FracciÃ³n inspiratoria de oxÃ­geno en dispositivo de Ã³xido nÃ­trico en neonatologÃ­a,%,10423
NO_NO,ConcentraciÃ³n de Ã³xido nÃ­trico,ppm,10424
NO_NO2,ConcentraciÃ³n de dioxido de nitrÃ³geno,ppm,10425
NO_NO2_NEO,ConcentraciÃ³n de dioxido de nitrÃ³geno en neonatologÃ­a,ppm,10426
NO_NO_NEO,ConcentraciÃ³n de Ã³xido nÃ­trico en neonatologÃ­a,ppm,10427
NSRAS_NEO,Neonatal Skin Risk Assessment Scale,PuntuaciÃ³n,10428
O2_DIS,Dispositivo para la administraciÃ³n de oxÃ­geno en respiraciÃ³n espontÃ¡nea,DescripciÃ³n,10429
O2_DIS_NEO,Disp. para la administraciÃ³n de oxÃ­geno en respiraciÃ³n espontÃ¡nea en neonat.,DescripciÃ³n,10430
O2_FIO2_NEO,FracciÃ³n inspiratoria de oxÃ­geno en respiraciÃ³n espontÃ¡nea en neonatologÃ­a,%,10431
O2_HUM,Sistema de humidificaciÃ³n en administraciÃ³n de oxÃ­geno en respiraciÃ³n espontÃ¡nea,DescripciÃ³n,10432
O2_HUM_NEO,Sistema de humidificaciÃ³n en administraciÃ³n de oxÃ­geno en respiraciÃ³n espontÃ¡nea,DescripciÃ³n,10433
O2_Q,Flujo de oxÃ­geno en respiraciÃ³n espontÃ¡na,L/min,10434
O2_Q_NEO,Flujo de oxÃ­geno en respiraciÃ³n espontÃ¡na,L/min,10435
O2_TEMP_HUM,Temperatura de humidificaciÃ³n activa,ÂºC,10436
OMBL_NEO,Ombligo,DescripciÃ³n,10437
OP_TP_PLT_DIS,Dispositivo de monitorizaciÃ³n no invasiva,DescripciÃ³n,10438
OXIGEN,Oxigen,DescripciÃ³n,10439
PAD_D,PresiÃ³n aurÃ­cula derecha diastÃ³lica,mm Hg,10440
PAD_M,PresiÃ³n aurÃ­cula derecha media,mm Hg,10441
PAD_S,PresiÃ³n aurÃ­cula derecha sistÃ³lica,mm Hg,10442
PAI_D,PresiÃ³n aurÃ­cula izquierda dastÃ³lica,mm Hg,10443
PAI_M,PresiÃ³n aurÃ­cula izquierda media,mm Hg,10444
PAI_S,PresiÃ³n aurÃ­cula izquierda sistÃ³lica,mm Hg,10445
PANIC_D,PresiÃ³n arterial no invasiva contÃ­nua diastÃ³lica,mm Hg,10446
PANIC_M,PresiÃ³n arterial no invasiva contÃ­nua media,mm Hg,10447
PANIC_S,PresiÃ³n arterial no invasiva contÃ­nua sistÃ³lica,mm Hg,10448
PANI_D,PresiÃ³n arterial no invasiva diastÃ³lica,mm Hg,10449
PANI_D_NEO,PresiÃ³n arterial no invasiva diastÃ³lica en neonatologÃ­a,mm Hg,10450
PANI_M,PresiÃ³n arterial no invasiva media,mm Hg,10451
PANI_M_NEO,PresiÃ³n arterial no invasiva media en neonatologÃ­a,mm Hg,10452
PANI_S,PresiÃ³n arterial no invasiva sistÃ³lica,mm Hg,10453
PANI_S_NEO,PresiÃ³n arterial no invasiva sistÃ³lica en neonatologÃ­a,mm Hg,10454
PAP_D,PresiÃ³n arteria pulmonar diastÃ³lica,mm Hg,10455
PAP_M,PresiÃ³n arteria pulmonar media,mm Hg,10456
PAP_S,PresiÃ³n arteria pulmonar sistÃ³lica,mm Hg,10457
PA_D,PresiÃ³n arterial invasiva diastÃ³lica,mm Hg,10458
PA_D_NEO,PresiÃ³n arterial invasiva diastÃ³lica en neonatologÃ­a,mm Hg,10459
PA_M,PresiÃ³n arterial invasiva media,mm Hg,10460
PA_M_NEO,PresiÃ³n arterial invasiva media en neonatologÃ­a,mm Hg,10461
PA_S,PresiÃ³n arterial invasiva sistÃ³lica,mm Hg,10462
PA_S_NEO,PresiÃ³n arterial invasiva sistÃ³lica en neonatologÃ­a,mm Hg,10463
PcCO2,PresiÃ³n parcial de CO2 transcutÃ¡nea,mm Hg,10464
PcCO2_NEO,PresiÃ³n parcial de CO2 transcutÃ¡nea en neonatologÃ­a,mm Hg,10465
PCO2,PresiÃ³n parcial de anhÃ­drido carbÃ³nico,mm Hg,10466
PCO2_NEO,PresiÃ³n parcial de anhÃ­drido carbÃ³nico en neonatologÃ­a,mm Hg,10467
PEAK-FLOW_ESP,Flujo espiratorio mÃ¡ximo en respiraciÃ³n espontÃ¡nea,L/min,10468
PERIM_ABD,PerÃ­metro abominal,cm,10469
PERIM_ABD_NEO,PerÃ­metro abominal en neonatologÃ­a,cm,10470
PERIM_CRANEAL,PerÃ­metro craneal,cm,10471
PERIM_EID,PerÃ­metro extremidad inferior derecha,cm,10472
PERIM_EII,PerÃ­metro extremidad inferior izquierda,cm,10473
PERIM_ESD,PerÃ­metro extremidad superior derecha,cm,10474
PERIM_ESI,PerÃ­metro extremidad superior izquierda,cm,10475
PERIM_TORAX,PerÃ­metro de tÃ³rax,cm,10476
PERINE,ValoraciÃ³n de perine en mujer,DescripciÃ³n,10477
PERI_CRAN_NEO,PerÃ­metro craneal neonatologÃ­a,cm,10478
PESO,Peso,Kg,10479
PESO_NEO,Peso en neonatologÃ­a,Kg,10480
PES_TR_NEO,Peso de trabajo en neonatologia,Kg,10481
pH,Potencial de hidrogeniones,U,10482
pH_LIQ_BIOL,Potencial de hidrogeniones del lÃ­quido biolÃ³gico que se analiza,U,10483
pH_NEO,Potencial de hidrogeniones en neonatologÃ­a,U,10484
pH_ORINA,Potencial de hidrogeniones en orina,U,10485
pH_ORINA_NEO,Potencial de hidrogeniones en orina neonatologÃ­a,U,10486
PIA,PresiÃ³n intrabdominal,mm Hg,10487
PIC_EP_MEDIAL,PresiÃ³n Intracraneal epidural medial,mm Hg,10488
PIC_IP_D,PresiÃ³n intracerebral intraparenquimatosa diastÃ³lica,mm Hg,10489
PIC_IP_M,PresiÃ³n intracerebral intraparenquimatosa media,mm Hg,10490
PIC_IP_S,PresiÃ³n intracerebral intraparenquimatosa sistÃ³lica,mm Hg,10491
PIC_IV_DER,PresiÃ³n Intracraneal intraventricular derecha,mm Hg,10492
PIC_IV_IZQ,PresiÃ³n Intracraneal intraventricular izquierda,mm Hg,10493
PIC_LCR,PresiÃ³n LCR por punciÃ³n lumbar,cm H2O,10494
PIC_SD_DER,PresiÃ³n Intracraneal subdural derecha,mm Hg,10495
PIC_SD_IZQ,PresiÃ³n Intracraneal subdural izquierda,mm Hg,10496
PLAQUETAS,Recuento de plaquetas,x10^12/L,10497
PO2,PresiÃ³n parcial de oxÃ­geno,mm Hg,10498
PO2_NEO,PresiÃ³n parcial de oxÃ­geno en neonatologÃ­a,mm Hg,10499
POAP,PresiÃ³n de oclusiÃ³n de arteria pulmonar,mm Hg,10500
POS_CAMA,PosiciÃ³n de la cabecera de la cama respecto a la horizontal,Grados,10501
POS_CAMA_HILLROM,PosiciÃ³n de la cabecera de la cama respecto a la horizontal Â enviado por cama Hillrom,Grados,10502
POS_CAP,PosiciÃ³n del catÃ©ter de la arteria pulmonar,cm,10503
POS_PACIENTE,PosiciÃ³n del paciente,DescripciÃ³n,10504
POS_PACIENTE_NEO,PosiciÃ³n del paciente en neonatologÃ­a,DescripciÃ³n,10505
POS_PATNR_NEO,PosiciÃ³n del paciente en neonatologÃ­a,DescripciÃ³n,10506
PPC,PresiÃ³n de perfusiÃ³n cerebral,mm Hg,10507
PRESN_DIA,PresiÃ³n arterial no invasiva diastÃ³lica,mm Hg,10508
PRESN_SIS,PresiÃ³n arterial no invasiva sistÃ³lica,mm Hg,10509
PRES_BAL,PresiÃ³n balÃ³n pneumotaponamiento,cm H2O,10510
PRES_BAL_POST,PresiÃ³n balÃ³n pneumotaponamiento tras control,cm H2O,10511
PROTEINURIA,Proteinuria en tira reactiva,DescripciÃ³n,10512
PROTEINURIA_NEO,Proteinuria en tira reactiva en neonatologÃ­a,DescripciÃ³n,10513
PROTROMBINA_TAS,Tasa de protrombina,%,10514
PROTROMBINA_TASA,Tasa de protrombina,%,10515
PROT_TOT,ProteÃ­nas totales plasmÃ¡ticas,g/L,10516
PTCÂ _COUNTÂ ,Contaje post-tetÃ¡nico,n,10517
PTIO2,PresiÃ³n tisular de oxÃ­geno cerebral,mm Hg,10518
PULSIOX,SaturaciÃ³n de oxÃ­geno por pulsioximetrÃ­a,%,10519
PULSO,FreqÃ¼Ã¨ncia cardÃ­aca por pulso,lpm,10520
PULSO_ACD,Intensidad de pulso arteria carÃ³tida interna derecha,DescripciÃ³n,10521
PULSO_ACI,Intensidad de pulso arteria carÃ³tida interna izquierda,DescripciÃ³n,10522
PULSO_AFD,Intensidad de pulso arteria femoral derecha,DescripciÃ³n,10523
PULSO_AFI,Intensidad de pulso arteria femoral izquierda,DescripciÃ³n,10524
PULSO_AHD,Intensidad de pulso arteria humeral derecha,DescripciÃ³n,10525
PULSO_AHI,Intensidad de pulso arteria humeral izquierda,DescripciÃ³n,10526
PULSO_APED,Intensidad de pulso arteria pedia derecha,DescripciÃ³n,10527
PULSO_APEI,Intensidad de pulso arteria pedia izquierda,DescripciÃ³n,10528
PULSO_APOD,Intensidad de pulso arteria poplÃ­tea derecha,DescripciÃ³n,10529
PULSO_APOI,Intensidad de pulso arteria poplÃ­tea izquierda,DescripciÃ³n,10530
PULSO_ARD,Intensidad de pulso arteria radial derecha,DescripciÃ³n,10531
PULSO_ARI,Intensidad de pulso arteria radial izquierda,DescripciÃ³n,10532
PULSO_ATD,Intensidad de pulso arteria tibial derecha,DescripciÃ³n,10533
PULSO_ATI,Intensidad de pulso arteria tibial izquierda,DescripciÃ³n,10534
PULSO_AXD,Intensidad de pulso arteria axilar derecha,DescripciÃ³n,10535
PULSO_AXI,Intensidad de pulso arteria axilar izquierda,DescripciÃ³n,10536
PVC,PresiÃ³n venosa central medida por columna de agua,cm H2O,10537
PVC_COL,PresiÃ³n venosa central medida por columna de agua,cm H20,10538
PVC_D,PresiÃ³n venosa central diastÃ³lica,mm Hg,10539
PVC_M,PresiÃ³n venosa central invasiva media,mm Hg,10540
PVC_M_NEO,PresiÃ³n venosa central invasiva media en neonatologÃ­a,mm Hg,10541
PVC_S,PresiÃ³n venosa central sistÃ³lica,mm Hg,10542
QRH_CIRCUIT_CAL,Calibre del circuito de quimipterapia regional en perfusiÃ³n hipertÃ©rmica,DescripciÃ³n,10543
QRH_CIRCUIT_PRE,PresiÃ³n del circuito de quimioterapia regional en perfusiÃ³n hipertÃ©rmica,mm Hg,10544
QRH_CIRCUIT_TIP,Tipo de circuito de circulaciÃ³n extracorpÃ³rea oncolÃ³gica,DescripciÃ³n,10545
QRH_DIS,Dispositivo para la realizaciÃ³n de la quimioterapia regional en perfusiÃ³n hipertÃ©rmica,DescripciÃ³n,10546
QRH_DUR_TOTAL,Tiempo total de duraciÃ³n de la quimioterapia regional en perfusiÃ³n hipertÃ©rmica,min,10547
QRH_ENTR_TEMP,Temperatura de entrada de la soluciÃ³n perfundida en QRH,ÂºC,10548
QRH_INTV_FARM12,DuraciÃ³n del intervalo entre la administraciÃ³n fÃ¡rmacos 1 y 2 en QRH,min,10549
QRH_INTV_FARMA23,DuraciÃ³n del intervalo entre la administraciÃ³n fÃ¡rmacos 2 y 3 en QRH,min,10550
QRH_PERF_Q,Flujo de la bomba de infusiÃ³n de quimioterapia en perfusiÃ³n hipertÃ©rmica,L/min,10551
QRH_SALI_TEMP,Temperatura de salida de la soluciÃ³n perfundida en QRH,ÂºC,10552
QRH_TADMI_FARM1,Tiempo de administraciÃ³n fÃ¡rmaco 1 en QRH,min,10553
QRH_TADMI_FARM2,Tiempo de administraciÃ³n fÃ¡rmaco 2 en QRH,min,10554
QRH_TADMI_FARM3,Tiempo de administraciÃ³n fÃ¡rmaco 3 en QRH,min,10555
QSOFA,ValoraciÃ³n de fallo orgÃ¡nico (quick SOFA),PuntuaciÃ³n,10556
REL_PUP,RelaciÃ³n pupilar,DescripciÃ³n,10557
REL_PUP_NEO,RelaciÃ³n pupilar en neonatologÃ­a,DescripciÃ³n,10558
RIESGO_DETERIORO,ValoraciÃ³n del riesto de deterioro,Formulario,10559
ROTS,Reflejos osteotendinosos,DescripciÃ³n,10560
RVP_TC,Resistencias vasculares pulmonares por tÃ©cnica transcardÃ­aca,dina*s/cm5,10561
RVS_OP,Resistencias vasculares sistÃ©micas estimadas por onda de pulso,dina*s/cm5,10562
RVS_TC,Resistencias vasculares sistÃ©micas por tÃ©cnica transcardÃ­aca,dina*s/cm5,10563
RVS_TP,Resistencias vasculares sistÃ©micas medidas por diluciÃ³n transpulmonar,dina*s/cm5,10564
SANGRADO VAGINAL,Ausencia/Presencia de sangrado vaginal,DescripciÃ³n,10565
SANGRE_MUESTRA,Origen de la muestra sanguÃ­nea,DescripciÃ³n,10566
SAN_MUESTRA_NEO,Origen de la muestra sanguÃ­nea en neonatologÃ­a,DescripciÃ³n,10567
SAO2,SaturaciÃ³n de oxÃ­geno arterial,%,10568
SAPS3,ValoraciÃ³n de gravedad del enfermo crÃ­tico,PuntuaciÃ³n,10569
SBI_ESP,Indice de respiraciÃ³n superficial en respiraciÃ³n espontÃ¡nea,valorÂ ,10570
SCO2,SaturaciÃ³n de oxÃ­geno cutÃ¡nea,%,10571
SCVO2,SaturaciÃ³n de oxÃ­geno venosa central,%,10572
SC_TE_TRP_COVID,Score PuntuaiciÃ³n de Techo TerapÃ©utico,PuntuaciÃ³n,10573
SEDACION_RAMSAY,Nivel de sedaciÃ³n segÃºn escala de Ramsay,PuntuaciÃ³n,10574
SEDACION_RASS,Nivel de sedaciÃ³n segÃºn escala de RASS,PuntuaciÃ³n,10575
SEDLINE_TS,Tasa de supresiÃ³n en SEDLINE,%,10576
SENG_POS,PosiciÃ³n del balÃ³n esofÃ¡gico Sengstaken en cm a arcadas dentarias,cm,10577
SENG_PRES,PresiÃ³n del balÃ³n esofÃ¡gico Sengstaken,mm Hg,10578
SENS_EID,sensibilidad extremidad inferior derecha,DescripciÃ³n,10579
SENS_EII,sensibilidad extremidad inferior izquierda,DescripciÃ³n,10580
SENS_ESD,sensibilidad extremidad superior derecha,DescripciÃ³n,10581
SENS_ESI,sensibilidad extremidad superior izquierda,DescripciÃ³n,10582
SILVERMAN_NEO,"Score de distrÃ©s respiratorio en neonatologÃ­a, Silverman",DescripciÃ³n,10583
SO2,SaturaciÃ³n de oxÃ­geno,%,10584
SO2_NEO,SaturaciÃ³n de oxÃ­geno en neonatologÃ­a,%,10585
SOFA,ValoraciÃ³n de fallo orgÃ¡nico,PuntuaciÃ³n,10586
SPO2_EID,SaturaciÃ³n de oxÃ­geno por pulsioximetrÃ­a en extremidad inferior derecha,%,10587
SPO2_EII,SaturaciÃ³n de oxÃ­geno por pulsioximetrÃ­a en extremidad inferior izquierda,%,10588
SpO2_NEO,SaturaciÃ³n de oxÃ­geno por pulsioximetrÃ­a en neonatologÃ­a,%,10589
SpO2_POSTD_NEO,SaturaciÃ³n de oxÃ­geno por pulsioximetrÃ­a postductal en neonatologÃ­a,%,10590
SpO2_PRED_NEO,SaturaciÃ³n de oxÃ­geno por pulsioximetrÃ­a preductal en neonatologÃ­a,%,10591
SpO2Â ,SaturaciÃ³n de oxÃ­geno por pulsioximetrÃ­a,%,10592
SpO2Â _NEO,SaturaciÃ³n de oxÃ­geno por pulsioximetrÃ­a en neonatologÃ­a,%,10593
SRCO2_DER,SaturaciÃ³n regional de oxÃ­geno cerebral lado derecho,%,10594
SRCO2_DER_NEO,SaturaciÃ³n regional de oxÃ­geno cerebral lado derecho en neonatologÃ­a,%,10595
SRCO2_DISP_NEO,Dispositivo de saturaciÃ³n regional de oxÃ­geno cerebral en neonatologÃ­a,DescripciÃ³n,10596
SRCO2_IZQ,SaturaciÃ³n regional de oxÃ­geno cerebral lado izquierdo,%,10597
SRCO2_IZQ_NEO,SaturaciÃ³n regional de oxÃ­geno cerebral lado izquierdo en neonatologÃ­a,%,10598
STO2_EID,SaturaciÃ³n de oxÃ­geno tisular en extremidad inferior derecha,%,10599
STO2_EII,SaturaciÃ³n de oxÃ­geno tisular en extremidad inferior izquierda,%,10600
STO2_REF_NEO,SaturaciÃ³n de oxÃ­geno tisular como refer. en monit. neurolÃ³gica en neonatologÃ­a,%,10601
SUPRA_TIPO,Dispositivo supraglÃ³tico para acceso a vÃ­a aÃ©rea,DescripciÃ³n,10602
SURF_MODO_NEO,Modo de administraciÃ³n de surfactante pulmonar en neonatologÃ­a,DescripciÃ³n,10603
SVO2Â ,SaturaciÃ³n de oxÃ­geno venosa mixta,%,10604
TALLA,Talla,cm,10605
TCA,Tiempo de coagulaciÃ³n activado,s,10606
TCSR_ANTICOAG,Tipo de anticoagulaciÃ³n utilizada en TCSR,DescripciÃ³n,10607
TCSR_CAL_TEMP,Temperatura calentador externo en TCSR,ÂºCÂ ,10608
TCSR_CA_DOS,Dosis de calcio en TCSR,mMol/L,10609
TCSR_CA_Q,Flujo de calcio en TCSR,mL/h,10610
TCSR_CA_SOL,SoluciÃ³n de calcio en TCSR,DescripciÃ³n,10611
TCSR_CIT_DOS,Dosis de citrato en TCSR,mMol/L,10612
TCSR_CIT_Q,Flujo de soluciÃ³n de citrato en TCSR,mL/h,10613
TCSR_CIT_SOL,SoluciÃ³n de citrato en TCSR,DescripciÃ³n,10614
TCSR_DIAL_KCL,KCl extra aÃ±adido a soluciÃ³n dializante en TCSR,mMol/L,10615
TCSR_DIAL_Q,Flujo de la soluciÃ³n dializante en TCSR,mL/h,10616
TCSR_DIAL_SOL,SoluciÃ³n dializante en TCSR,DescripciÃ³n,10617
TCSR_DIA_KH2PO4,KH2PO4 extra aÃ±adido a soluciÃ³n dializante en TCSR,mMol/L,10618
TCSR_DIS,Tipo de dispositivo utillizado para TCSR,DescripciÃ³n,10619
TCSR_EXT_HORA,ExtracciÃ³n horaria pautada en TCSR,mL,10620
TCSR_FIL,Tipo de hemofiltro en TCSR,DescripciÃ³n,10621
TCSR_HEP_Q,Flujo de heparina en TCSR,mL/h,10622
TCSR_ID_FIL,NÃºmero de identificaciÃ³n del hemofiltro para TCSR,IdentificaciÃ³n,10623
TCSR_MOD,Modalidad de terapia contÃ­nua de sustituciÃ³n renal,DescripciÃ³n,10624
TCSR_PRE_POST,Lugar de aporte de la soluciÃ³n de reposiciÃ³n en TCSR,DescripciÃ³n,10625
TCSR_PTM,PresiÃ³n transmembrana en TCSR,mm Hg,10626
TCSR_P_EFLU,PresiÃ³n de efluente en TCSR,mm Hg,10627
TCSR_P_ENT,PresiÃ³n de entrada en TCSR,mm Hg,10628
TCSR_P_RET,PresiÃ³n de retorno en TCSR,mm Hg,10629
TCSR_REP_KCL,KCl extra aÃ±adido a soluciÃ³n de reposiciÃ³n en TCSR,mMol/L,10630
TCSR_REP_KH2PO4,KH2PO4 extra aÃ±adido a soluciÃ³n de reposiciÃ³n en TCSR,mMol/L,10631
TCSR_REP_Q,Flujo de la soluciÃ³n de reposiciÃ³n en TCSR,mL/h,10632
TCSR_REP_SOL,SoluciÃ³n de reposiciÃ³n en TCSR,DescripciÃ³n,10633
TCSR_SANGRE_Q,Flujo de sangre en TCSR,mL/min,10634
TC_DIS,Dispositivo para monitorizaciÃ³n basado en termodiluciÃ³n transcardÃ­aca,DescripciÃ³n,10635
TEMP_AP,Temperatura arteria pulmonar,Â°C,10636
TEMP_AX,Temperatura axilar,Â°C,10637
TEMP_AXI,Temperatura axilar,Â°C,10638
TEMP_AX_NEO,Temperatura axilar en neonatologÃ­a,Â°C,10639
TEMP_BU,Temperatura bucal,Â°C,10640
TEMP_CE,Temperatura cerebral,Â°C,10641
TEMP_CT,Temperatura cutÃ¡nea,Â°C,10642
TEMP_CT_NEO,Temperatura cutÃ¡nea en neonatologÃ­a,Â°C,10643
TEMP_EII,Temperatura en extremidad inferior izquierda,Â°C,10644
TEMP_ES,Temperatura esofÃ¡gica,Â°C,10645
TEMP_ESD,Temperatura en extremidad superior derecha,Â°C,10646
TEMP_ESI,Temperatura en extremidad superior izquierda,Â°C,10647
TEMP_ESID,Temperatura en extremidad inferior derecha,Â°C,10648
TEMP_ES_NEO,Temperatura esofÃ¡gica en neonatologÃ­a,Â°C,10649
TEMP_EV,Temperatura endovascular,Â°C,10650
TEMP_RE,Temperatura rectal,Â°C,10651
TEMP_REC,Temperatura rectal,Â°C,10652
TEMP_RE_NEO,Temperatura rectal en neonatologÃ­a,Â°C,10653
TEMP_SERVO_NEO,Temperatura servocontrolada en neonatologÃ­a,Â°C,10654
TEMP_TIM,Temperatura timpÃ¡nica,Â°C,10655
TEMP_TIM_DER,Temperatura timpÃ¡nica derecha,Â°C,10656
TEMP_TIM_IZQ,Temperatura timpÃ¡nica izquierda,Â°C,10657
TEMP_VE,Temperatura vesical,Â°C,10658
TEM_DIS,Dispositivo utilizado para tromboelastometrÃ­a,DescripciÃ³n,10659
TET_DIAM,DiÃ¡metro del tubo/cÃ¡nula endotraqueal/endobronquial,DescripciÃ³n,10660
TET_DIAM_NEO,DiÃ¡metro del tubo endobronquial neonatologÃ­a,DescripciÃ³n,10661
TET_DIS,Tipo de tubo/cÃ¡nula endotraqueal/endobronquial,DescripciÃ³n,10662
TET_DIS_NEO,Tipo de tubo endotraqueal neonatologÃ­a,DescripciÃ³n,10663
TET_INS,Orificio de inserciÃ³n del tubo endotraqueal,DescripciÃ³n,10664
TET_INS_NEO,Orificio de inserciÃ³n del tubo endotraqueal en neonatologÃ­a,DescripciÃ³n,10665
TET_POSICION,Distancia de arcadas dentarias,cm,10666
TET_POS_NEO,Distancia de la comisura bucal/nasal en neonatologÃ­a,cm,10667
THRILL_FAVI,Presencia de frÃ©mito en fÃ­stula arteriovenosa,DescripciÃ³n,10668
TOF_COUNT,Recuento en Tren de Cuatro,n,10669
TOF_DIS,Dispositivo para valorar la relajaciÃ³n muscular,DescripciÃ³n,10670
TOF_RATIO,Ratio en Tren de Cuatro,%,10671
TON_MUS_NEO,Tono muscular,DescripciÃ³n,10672
TPPA,Tiempo de tromboplastina parcial activada,s,10673
TRANSILUM_NEO,TransiluminaciÃ³n torÃ¡cica en neonatologÃ­a,DescripciÃ³n,10674
TROPONINA,Troponina I,ng/mL,10675
TTPA,Tiempo de tromboplastina parcial activada,s,10676
UPP_CLASIF_NEO,ClasificaciÃ³n de la Ãºlcera por presiÃ³n en neonatologÃ­a,DescripciÃ³n,10677
UTER_ALTURA,Altura uterina respecto a nivel umbilical,cm,10678
VCE_ESP,Volumen corriente en respiraciÃ³n espontÃ¡nea,mL,10679
VIA_AEREA_MOD,Modalidad de acceso a la vÃ­a aÃ©rea para respiraciÃ³n,DescripciÃ³n,10680
VIA_AER_MOD_NEO,Modalidad de acceso a la vÃ­a aÃ©rea para respiraciÃ³n_neonatologÃ­a,DescripciÃ³n,10681
VMA_AIR_Q,Flujo de entrada de aire fresco al VM anestesia,L/min,10682
VMA_CAM_GH,ConcentraciÃ³n alveolar mÃ­nima gas halogenado en VM anestesia,Ratio,10683
VMA_DIS,Tipo de dispositivo de VM anestesia,DescripciÃ³n,10684
VMA_FECO2,PresiÃ³n parcial espiratoria de anhÃ­drido carbÃ³nico del VM anestesia,mm Hg,10685
VMA_FEDES,FracciÃ³n espiratoria de desflorano del VM anestesia,%,10686
VMA_FEO2,FracciÃ³n espiratoria de oxÃ­geno del VM anestesia,%,10687
VMA_FESEVO,FracciÃ³n espiratoria de sevoflorano del VM anestesia,%,10688
VMA_FICO2,PresiÃ³n parcial inspiratoria de anhÃ­drido carbÃ³nico al VM anestesia,mm Hg,10689
VMA_FIDES,FracciÃ³n inspiratoria de desflorano al VM anestesia,%,10690
VMA_FIO2,FracciÃ³n inspiratoria de oxÃ­geno al VM anestesia,%,10691
VMA_FISEVO,FracciÃ³n inspiratoria de sevoflurano al VM anestesia,%,10692
VMA_FR_CMV,Frecuencia respiratoria actual del paciente en VM anestesia,resp/min,10693
VMA_FR_CMV_PAUT,Frecuencia respiratoria pautada en modalidad controlada en VM anestesia,resp/min,10694
VMA_MOD,Modalidad ventilatoria en VM anestesia,DescripciÃ³n,10695
VMA_O2_Q,Flujo de entrada de oxÃ­geno al VM anestesia,L/min,10696
VMA_PEEP_ACT,PEEP actual medida en VM anestesia,cm H2O,10697
VMA_PEEP_PAUTA,PEEP pautada en VM anestesia,cm H2O,10698
VMA_P_CTL,PresiÃ³n control por encima de PEEP en VM anestesia,cm H2O,10699
VMA_P_PIC,PresiÃ³n pico en VM anestesia,cm H2O,10700
VMA_P_PLAT,PresiÃ³n meseta en VM anestesia,cm H2O,10701
VMA_VCE,Volumen corriente espiratorio en VM anestesia,mL,10702
VMA_VCI,Volumen corriente pautado en VM anestesia,mL,10703
VMA_VMIN,Volumen minuto espiratorio en VM anestesia,L/min,10704
VMI_ASV,Porcentaje de volumen minuto calculado garantizado (ASV),%,10705
VMI_C20C_NEO,C20/C en VM invasiva en neonatologÃ­a,0,10706
VMI_CDIN,Compliancia dinÃ¡mica torÃ¡cica en VM invasiva,mL/cm H2O,10707
VMI_CDIN_NEO,Compliancia dinÃ¡mica torÃ¡cica en VM invasiva en neonatologÃ­a,mL/cm H2O,10708
VMI_CMV_FR_PAUT,Frecuencia respiratoria pautada en modalidad controlada en VM invasiva,resp/min,10709
VMI_CSTA,Compliancia estÃ¡tica torÃ¡cica en VM invasiva,mL/cm H2O,10710
VMI_DIS,Modelo de ventilador mecÃ¡nico invasivo,DescripciÃ³n,10711
VMI_DIS_NEO,Modelo de ventilador mecÃ¡nico invasivo en neonatologÃ­a,DescripciÃ³n,10712
VMI_FIO2,FracciÃ³n inspiratoria de oxÃ­geno en VM invasiva,%,10713
VMI_FIO2_NEO,FracciÃ³n inspiratoria de oxÃ­geno en VM invasiva en neonatologÃ­a,%,10714
VMI_FLUJO_NEO,Flujo pautado en VM invasiva en neonatologÃ­a,L/min,10715
VMI_FR_ESP,Frecuencia respiratoria correspondiente a respiraciones espontÃ¡neas en VMI,resp/min,10716
VMI_FR_ESP_NEO,Frec. Resp. correspondiente a respiraciones espontÃ¡neas en VMI en neonat.,resp/min,10717
VMI_FR_PAUT_NEO,Frecuencia respiratoria pautada en VM invasiva en neonatologÃ­a,resp/min,10718
VMI_FR_VENT,Frecuencia respiratoria actual en VM invasiva,resp/min,10719
VMI_FUGAS,Porcentaje de fugas respecto volumen minuto en VM invasiva,%,10720
VMI_FUGAS_NEO,Porcentaje de fugas respecto volumen minuto en VM invasiva en neonatologÃ­a,%,10721
VMI_I:E,RelaciÃ³n tiempos inspiratorio y espiratorio en VM invasiva,DescripciÃ³n,10722
VMI_I:E_NEO,RelaciÃ³n tiempos inspiratorio y espiratorio en VM invasiva en neonatologÃ­a,DescripciÃ³n,10723
VMI_MOD,Modalidad ventilatoria en VM invasiva,DescripciÃ³n,10724
VMI_MOD_NEO,Modalidad ventilatoria en VM invasiva en neonatologÃ­a,DescripciÃ³n,10725
VMI_PAV,Porcentaje de amplificaciÃ³n del esfuerzo inspiratorio (PAV),%,10726
VMI_PCTL,PresiÃ³n control por encima de PEEP en VM invasiva,cm H2O,10727
VMI_PEEP,PEEP actual medida en VM invasiva,cm H2O,10728
VMI_PEEP_I,PEEP intrÃ­nseca o autoPEEP en VM invasiva,cm H2O,10729
VMI_PEEP_NEO,PresiÃ³n positiva al final de espiraciÃ³n efectiva en VM invasiva en neonatologÃ­a,cm H2O,10730
VMI_PEEP_PAUTA,PEEP pautada en VM invasiva,cm H2O,10731
VMI_PMA_NEO,PresiÃ³n positiva media de vÃ­as aÃ©reas en VM invasiva en neonatologÃ­a,cm H2O,10732
VMI_PPI,PresiÃ³n positiva inspiratoria pico en VM invasiva,cm H2O,10733
VMI_PPI_M_NEO,PresiÃ³n positiva inspiratoria pico lÃ­mite mÃ¡xima en VM invasiva en neonatologÃ­a,cm H2O,10734
VMI_PPI_NEO,PresiÃ³n positiva inspiratoria pico pautado en VM invasiva en neonatologÃ­a,cm H2O,10735
VMI_PPI_REA_NEO,PresiÃ³n positiva inspiratoria pico realizada en VM invasiva en neonatologÃ­a,cm H2O,10736
VMI_PPLAT,PresiÃ³n positiva inspiratoria meseta en VM invasiva,cm H2O,10737
VMI_PRICO_NEO,Predictive Intelligent Control of Oxygenation en VM invasiva en neonatologÃ­a,DescripciÃ³n,10738
VMI_PSOP,PresiÃ³n soporte/asistida por encima de PEEP en VM invasiva,cm H2O,10739
VMI_PSOP_NEO,PresiÃ³n soporte/asistida por encima de PEEP en VM invasiva en neonatologÃ­a,cm H2O,10740
VMI_RAW,Resistencia de la vÃ­a aÃ©rea en VM invasiva,cm H20/L/s,10741
VMI_RAW_I_NEO,Resistencia inspiratoria de la vÃ­a aÃ©rea en VM invasiva en neonatologÃ­a,cm H20/L/s,10742
VMI_SIMV_FR_PAU,Frecuencia respiratoria pautada en modalidad SIMV,resp/min,10743
VMI_TRG_ESP,Sensibilidad del trigger espiratorio (caida de flujo respecto a mÃ¡ximo) en VMI,%,10744
VMI_TRG_INS,Sensibilidad del trigger inspiratorio (caida de flujo) en VM invasiva,L/min,10745
VMI_TRG_INS_NEO,Sensibilidad del trigger (caida de flujo) en VM invasiva en neonatologÃ­a,L/min,10746
VMI_T_INS,Tiempo inspiratorio en VM invasiva,s,10747
VMI_T_INS_M_NEO,Tiempo inspiratorio mÃ¡ximo permitido en VM invasiva en neonatologÃ­a,s,10748
VMI_T_INS_NEO,Tiempo inspiratorio pautado en VM invasiva en neonatologÃ­a,s,10749
VMI_T_IN_ES_NEO,Tiempo inspiratorio espontÃ¡neo en VM invasiva en neonatologÃ­a,s,10750
VMI_VCE,Volumen corriente espiratorio en VM invasiva,mL,10751
VMI_VCI,Volumen corriente inspiratorio real en VM invasiva,mL,10752
VMI_VCI_PAUTA,Volumen corriente inspiratorio pautado en VM invasiva,mL,10753
VMI_VC_NEO,Volumen corriente real en VM invasiva en neonatologÃ­a,mL,10754
VMI_VG_PAUT_NEO,Volumen corriente garantizado pautado en VM invasiva en neonatologÃ­a,mL,10755
VMI_VME_NEO,Volumen minuto espiratorio en VM invasiva en neonatologÃ­a,L/min,10756
VMI_VMIN,Volumen  minuto espiratorio en VM invasiva,L/min,10757
VNI_CPAP,PresiÃ³n positiva contÃ­nua en VM no invasiva,cm H2O,10758
VNI_DIS,Tipo de dispositivo de ventilaciÃ³n no invasiva,DescripciÃ³n,10759
VNI_DIS_NEO,Tipo de dispositivo de ventilaciÃ³n no invasiva en neonatologÃ­a,DescripciÃ³n,10760
VNI_EPAP,PresiÃ³n positiva espiratoria en VM no invasiva,cm H2O,10761
VNI_FIJACIO_NEO,Tipo de fijaciÃ³n de la interfase de ventilaciÃ³n no invasiva en neonatologÃ­a,DescripciÃ³n,10762
VNI_FIJA_TA_NEO,TamaÃ±o de la fijaciÃ³n de la interfase de ventilaciÃ³n no invasiva en neonatologÃ­a,DescripciÃ³n,10763
VNI_FIO2,FracciÃ³n inspiratoria de oxÃ­geno en VM no invasiva,%,10764
VNI_FIO2_NEO,FracciÃ³n inspiratoria de oxÃ­geno en VM no invasiva en neonatologÃ­a,%,10765
VNI_FR_ESP,Respiraciones espontÃ¡neas en VM no invasiva,resp/min,10766
VNI_FR_PAUT_NEO,Frecuencia respiratoria pautada en VM no invasiva en neonatologÃ­a,resp/min,10767
VNI_FUGAS,Fugas de volumen inspiratorio en VM no invasiva,L/min,10768
VNI_INTERFACE,Tipo de mascarilla para ventilaciÃ³n no invasiva,DescripciÃ³n,10769
VNI_INTERFA_NEO,Tipo de interfase para ventilaciÃ³n no invasiva en neonatologÃ­a,DescripciÃ³n,10770
VNI_IPAP,PresiÃ³n positiva inspiratoria en VM no invasiva,cm H2O,10771
VNI_I_E_NEO,RelaciÃ³n tiempos inspiratorio y espiratorio en VM no invasiva en neonatologÃ­a,DescripciÃ³n,10772
VNI_MAP_NEO,PresiÃ³n media de vÃ­a aÃ©rea en VM no invasiva en neonatologÃ­a,cm H2O,10773
VNI_MOD,Modalidad ventilatoria no invasiva,DescripciÃ³n,10774
VNI_MOD_NEO,Modalidad ventilatoria no invasiva en neonatologÃ­a,DescripciÃ³n,10775
VNI_PAS,PresiÃ³n de asistida/soporte en VM no invasiva,cm H2O,10776
VNI_PEEP,PresiÃ³n positiva al final de espiraciÃ³n en VM no invasiva,cm H2O,10777
VNI_PEEP_NEO,PresiÃ³n positiva al final de espiraciÃ³n efectiva en VM no invasiva en neonat.,cm H2O,10778
VNI_PPI_NEO,PresiÃ³n positiva inspiratoria realizada en VM no invasiva en neonatologÃ­a,cm H2O,10779
VNI_PRICO_NEO,Predictive Intelligent Control of Oxygenation en VM no invasiva en neonatologÃ­a,DescripciÃ³n,10780
VNI_Q_NEO,Flujo en VM no invasiva en neonatologÃ­a,l/min,10781
VNI_RAMPA_INS,Tiempo desde inicio respiraciÃ³n hasta alcanzar IPAP,s,10782
VNI_TA_INTE_NEO,TamaÃ±o de la interfase para ventilaciÃ³n no invasiva en neonatologÃ­a,DescripciÃ³n,10783
VNI_TRG_ESP_NEO,Trigger de presiÃ³n espiratoria en VM no invasiva (Fabian) en neonatologÃ­a,cm H2O,10784
VNI_T_INS_NEO,Tiempo inspiratorio pautado en VM no invasiva en neonatologÃ­a,s,10785
VNI_VCE,Volumen corriente espiratorio en VM no invasiva,mL,10786
VNI_VMIN,Volumen  minuto espiratorio en VM no invasiva,L/min,10787
VPP_OP,VariaciÃ³n de la presiÃ³n de pulso estimado por onda de pulso,%,10788
VSVD_TC,Volumen sistÃ³lico ventrÃ­culo derecho,mL,10789
VS_OP,Volumen sistÃ³lico estimado por onda de pulso,mL,10790
VS_TC,Volumen sistÃ³lico por tÃ©cnica transcardÃ­aca,mL,10791
VVS_OP,VariaciÃ³n del volumen sistÃ³lico estimado por onda de pulso,%,10792
WEST_HAVEN,Escala de West-Haven,PuntuaciÃ³n,10793
FRAGILIDAD,,,10794
EVENTOS_UCI,,,10795
BRADEN,,,10796
DOWNTON,,,10797
FM_PIÃâÃÂ ,,,10798
ANTIGENS_COV,,,10799
AU_PUERP,,,10800
BARTHEL,,,10801
LOQUIOS,,,10802
SANGRADO_VAGINA,,,10803
PERD_LIQ_AMNIO,,,10804
CONTRACCIONES,,,10805
RIESG_DETER_ENF,,,10806
EVN_MOV,,,10807
TIMED_UG,,,10808
PA_S_TOF,,,10809
PA_D_TOF,,,10810
EVENTOS_INT,,,10811
BA_FLEX,,,10812
BA_EXT,,,10813
TEST_EMBARA_ORI,,,10814
UROBILINO_ORINA,,,10815
BILIRRUBI_ORINA,,,10816
EVN_REP,,,10817
WHOLEY,,,10818
NEWS_2_VIG,,,10819
FM_PIÃÂ ,,,10820
ACR_PTM,,,10821
TCSR_CIT_CA,,,10822
CEC_PERF_MOD,,,10823
CEC_CIRCUIT_MOD,,,10824
CEC_CIRCUIT_PRE,,,10825
CEC_DU_ISQUEMIA,,,10826
FM_PI ,,,10827
SUPRA_TAM,,,10828
SVO2 ,,,10829
HDI_FIL,,,10830
NEWS_2_ALERTA,,,10831
HDI_DIAL,,,10832
VMI_RAMPA_INS,,,10833
HDI_DURACION,,,10834
HDI_HEP_Q,,,10835
HDI_CONÂ  Â ,,,10836
HDI_CBIC,,,10837
HDI_CNA,,,10838
AR_PTM,,,10839
HTT_Tª_OB,,,10840
TET_BLOQ_LADO,,,10841
MD_GLUCOSA_SC,,,10842
LIQ_BIO_MUESTRA,,,10843
POS_PATNR_HILL,,,10844
HDI_ID_DIAL,,,10845
HDI_ID_DIS,,,10846
O2_TEMP_HUM_NEO,,,10847
AR_AIRQ,,,10848
PULSO_ESI,,,10849
VMI_PAUSA_INS,,,10850
HDI_PV,,,10851
PULSO_ESD,,,10852
DP_GLUCOSA,,,10853
DP_VOL_UF,,,10854
DP_MOD,,,10855
HFOV_PAW,,,10856
AGA_EHI_NEO,,,10857
PVD_D,,,10858
DIN_UTER_CONTRA,,,10859
PPA,,,10860
CEC_DU_PARADA,,,10861
RESU_DIS,,,10862
RESU_COMP,,,10863
STO2_ESI,,,10864
IMPELLA_DIS,,,10865
IMPELLA_POS,,,10866
IMPELLA_QS,,,10867
IMPELLA_PUR,,,10868
IMPELLA_RPM,,,10869
IMPELLA_POT,,,10870
IMPELLA_CON,,,10871
HDI_CON   ,,,10872
STO2_ESD,,,10873
DIN_FQUA,,,10874
STO2_REF,,,10875
TOL_ORT,,,10876
NAUS_VOM,,,10877
REHAB,,,10878
HTT_PAS_NEO,,,10879
AVLD_DIS,,,10880
AVLD_QS,,,10881
AVLD_PI,,,10882
AVLD_BAT,,,10883
AVLD_CON,,,10884
AVLD_RPM,,,10885
AVLD_POT,,,10886
PRIM_DEAMB,,,10887
BIS_SEF,,,10888
PIA_NEO,,,10889
FC_TC,,,10890
PPM,,,10891
CEC_DU_PERFCER,,,10892
"VMI_P0,1",,,10893
POS_CAMA_HILL,,,10894
PVS,,,10895
PIC_EP_DER,,,10896
CFI_OP,,,10897
